"id","value","property","lang","notes_lang","remove trailing space","correct to","variants"
751,25er-Ausschuss; Fünfundzwanziger-Ausschuss,hasSubject,de,,,"25er Ausschuss, fünfundzwanziger Ausschuss","25er-Ausschuss, fünfundzwanziger-Ausschuss"
068,3d data,hasCategory,en,,,3D data,
023,Airborne Laserscan,hasAppliedMethod,de,,,Airborne Laserscanning,
608,Anweisun,hasSubject,de,,,Anweisung,
007,"Archaeological excavation, pottery documentation, photography.",hasAppliedMethod,en,,,"archaeological excavation, pottery documentation, photography",
464,Archduchy,hasSubject,en,,,archduchy,
077,Audio Visual,hasCategory,en,,,audio visual,
382,"Berliner Tageblatt, Kerr, Wolff",hasSubject,de,,,"Berliner Tageblatt, Alfred Kerr, Theodor Wolff",
615,Bibliography,hasSubject,en,,,bibliography,
258,Byzantinische Burg,hasSubject,de,,,byzantinische Burg,
259,Canabae,hasSubject,la,,,canabae,
773,Chalcholithic sites,hasSubject,en,,,Chalcolithic sites,
569,Christlich-sozial,hasSubject,de,,,christlich-sozial,
774,City District,hasSubject,en,,,city district,
784,Co-Principality,hasSubject,en,,,co-principality,coprincipality
072,Collection,hasCategory,en,,,collection,
621,Commissariat,hasSubject,en,,,commissariat,
502,Commissary District,hasSubject,en,,,commissary district,
503,Condominium,hasSubject,en,,,condominium,
622,Confederation,hasSubject,en,,,confederation,
776,Congress files,hasSubject,en,,,congress files,
777,Congress of Aix-la-chapelle,hasSubject,en,,,Congress of Aix-la-Chapelle,
782,Congress System,hasSubject,en,,,congress system,
570,Constituent Entity,hasSubject,en,,,constituent entity,
079,Controlled Vocabulary,hasCategory,en,,,controlled vocabulary,
076,Corpus,hasCategory,en,,,corpus,
571,Country,hasSubject,en,,,country,
117,County,hasSubject,en,,,county,
151,County (administrative unit),hasSubject,en,,,county (administrative unit),
466,Crown Colony,hasSubject,en,,,Crown colony,
412,Crownland,hasSubject,en,,,Crown land,"crown land, crownland"
018,CT-scans,hasAppliedMethod,en,,,CT scans,
036,CT-scans,hasAppliedMethod,en,,,CT scans,
645,D.J.STZ ,hasSubject,und,DAACDA,yes,D.J.STZ,
069,Dataset,hasCategory,en,,,dataset,
279,deutschösterr. Regierung,hasSubject,de,,,deutschösterreichische Regierung,deutsch-österreichische Regierung
260,"Die Stunde, Békessy",hasSubject,de,,,"Die Stunde, Imre Békessy",
789,Digital Edition,hasSubject,de,,,digitale Edition,
791,Digitization,hasSubject,en,,,digitisation,
505,District,hasSubject,en,,,district,
098,District Captaincy,hasSubject,en,,,district captaincy,
657,Druck mit handschriftliche Annotationen/Notate/Notizen,hasSubject,de,,,Druck mit handschriftlichen Annotationen/Notaten/Notizen,
198,Duchy,hasSubject,en,,,duchy,
475,Eingestellt,hasSubject,de,,,eingestellt,
808,Electorate,hasSubject,en,,,electorate,
250,Empire,hasSubject,en,,,empire,
667,Eröerterung,hasSubject,de,,,Erörterung,
671,Falsche Zeugenaussage,hasSubject,de,,,falsche Zeugenaussage,
444,Fotografie (Mat.),hasSubject,de,,,Fotografie (Material),
674,Fotografie (Obj.),hasSubject,de,,,Fotografie (Objekt),
445,Free City,hasSubject,en,,,free city,
815,Gefährliche Drohung,hasSubject,de,,,gefährliche Drohung,
067,GeoJSON Dataset,hasCategory,en,,,GeoJSON dataset,
161,Governmental District,hasSubject,en,,,governmental district,
822,Graf Leo Thun-Hohenstein ,hasSubject,und,proper name,yes,Graf Leo Thun-Hohenstein,
336,Grand Duchy,hasSubject,en,,,grand duchy,
823,Grand Principality,hasSubject,en,,,grand principality,
828,High Commissariat,hasSubject,en,,,high commissariat,
681,Historical Network Research,hasSubject,en,,,historical network research,
829,History of diplomacy,hasSubject,en,,,history of diplomacy,
065,Image,hasCategory,en,,,image,
183,Imperial Circle,hasSubject,en,,,imperial circle,Imperial Circle
534,Imperial Free City,hasSubject,en,,,imperial free city,Imperial Free City
834,Inscriptions,hasSubject,en,,,inscriptions,
684,Internationales Postrecht,hasSubject,de,,,internationales Postrecht,
377,"Schober, 15. Juli 1927",hasSubject,de,,,"Johann Schober, 15. Juli 1927",
585,Juristisches Dokument,hasSubject,de,,,juristisches Dokument,
147,Kingdom,hasSubject,en,,,kingdom,
451,Klagrückziehung,hasSubject,de,,,Klagsrückziehung,
846,Landgraviate,hasSubject,en,,,landgraviate,
044,Laser Scanning,hasAppliedMethod,en,,,laser scanning,
104,lemmatization,hasSubject,en,,,lemmatisation,lemmatization
078,Lexical Resource,hasCategory,en,,,lexical resource,
375,Literarische Berichtigung,hasSubject,de,,,literarische Berichtigung,
419,Literarischer Text,hasSubject,de,,,literarischer Text,
691,Literarisches Werk,hasSubject,de,,,literarisches Werk,
697,"Mappe, M.S.MAP ",hasSubject,de,abbreviation,yes,"Mappe, M.S.MAP",
538,Margraviate,hasSubject,en,,,margraviate,margravate
860,Marken-/Namensrechtsverletzung,hasSubject,de,,,"Markenrechtsverletzung, Namensrechtsverletzung",
701,Medieval Austria,hasSubject,en,,,medieval Austria,mediaeval Austria
702,Medieval Germany,hasSubject,en,,,medieval Germany,mediaeval Germany
703,Medieval Prosopography,hasSubject,en,,,medieval prosopography,mediaeval prosopography
480,Military District,hasSubject,en,,,military district,
406,Military Frontier,hasSubject,en,,,military frontier,
864,Military Government,hasSubject,en,,,military government,
539,Mining Captaincy,hasSubject,en,,,mining captaincy,
071,Model,hasCategory,en,,,model,
541,Neolithic Greece and Anatolia,hasSubject,en,,,"Neolithic Greece, Neolithic Anatolia",
588,Neolithic Greece and Anatolia,hasSubject,en,,,"Neolithic Greece, Neolithic Anatolia",
376,Nicht verfolgt,hasSubject,de,,,nicht verfolgt,
542,None,hasSubject,en,,,none,
707,Occupied Territory,hasSubject,en,,,occupied territory,
075,Other,hasCategory,en,,,other,
009,part-of-speech-tagging,hasAppliedMethod,en,,,part-of-speech tagging,
047,Part of Speech Tagging,hasAppliedMethod,en,,,part-of-speech tagging,
020,Petrographic analysis.,hasAppliedMethod,en,,,petrographic analysis,
005,Photography.,hasAppliedMethod,en,,,photography,
879,Politische Maßregelung,hasSubject,de,,,politische Maßregelung,
594,Politische Organisierung,hasSubject,de,,,politische Organisierung,
455,Politische Parteien,hasSubject,de,,,politische Parteien,
544,Politische Verhältnisse,hasSubject,de,,,politische Verhältnisse,
880,post-colonial,hasSubject,en,,,postcolonial,post-colonial
027,Pottery documentation.,hasAppliedMethod,en,,,pottery documentation,
154,Pressrecht,hasSubject,de,,,Presserecht,
145,Preßrechtsverstoß,hasSubject,de,,,Presserechtsverstoß,
483,Princely County,hasSubject,en,,,princely county,Princely County
314,Principality,hasSubject,en,,,principality,
595,Privatrechtliche Vereinbarung,hasSubject,de,,,privatrechtliche Vereinbarung,
715,Protectorate,hasSubject,en,,,protectorate,
150,Province,hasSubject,en,,,province,
486,Provincial Government,hasSubject,en,,,provincial government,
420,Publizistisches Dokument,hasSubject,de,,,publizistisches Dokument,
547,Quarter,hasSubject,en,,,quarter,
456,Republic,hasSubject,en,,,republic,
721,rockshelter,hasSubject,en,,,rock shelter,
315,Seat,hasSubject,en,,,seat,
905,site and monument,hasSubject,en,,,"site, monument",
342,Sonstiger Materialitätstyp,hasSubject,de,,,sonstiger Materialitätstyp,
166,Sonstiger Rechtsbereich,hasSubject,de,,,sonstiger Rechtsbereich,
728,Soziale Fürsorge,hasSubject,de,,,soziale Fürsorge,
074,Speech,hasCategory,en,,,speech,
729,Squeezes,hasSubject,en,,,squeezes,
179,Statutory City,hasSubject,en,,,statutory city,
343,Streitige Zivilrechtssache,hasSubject,de,,,streitige Zivilrechtssache,
055,Structure from Motion (SfM),hasAppliedMethod,en,,,structure from motion (SfM),
197,Suburb,hasSubject,en,,,suburb,
073,Tabular Dataset,hasCategory,en,,,tabular dataset,
913,TEI-schema,hasSubject,en,,,TEI schema,
057,Terrestrischer Laserscan,hasAppliedMethod,de,,,terrestrischer Laserscan,
058,Terrestrisches Laserscanning (TLS),hasAppliedMethod,de,,,terrestrisches Laserscanning (TLS),
070,Text,hasCategory,en,,,text,
189,tschechoslowak. Staatsdienst,hasSubject,de,,,tschechoslowakischer Staatsdienst,
157,Typoskript mit handschirftlichen Überarbeitungen,hasSubject,de,,,Typoskript mit handschriftlichen Überarbeitungen,
394,Typoskript mit handschriftlichen Mittelung,hasSubject,de,,,Typoskript mit handschriftlicher Mitteilung,
937,Unautorisierte Aufführung,hasSubject,de,,,unautorisierte Aufführung,
938,Unbefugte Kolportage,hasSubject,de,,,unbefugte Kolportage,
939,unknown adm,hasSubject,en,,,unknown administrative unit,
489,Unstreitige Zivilrechtssache,hasSubject,de,,,unstreitige Zivilrechtssache,
740,Vereins- und Versammlungsfreiheit,hasSubject,de,,,"Vereinsfreiheit, Versammlungsfreiheit",
948,Viennese Dialectological School,hasSubject,en,,,Viennese dialectological school,
062,Virtuelle Rekonstruktion,hasAppliedMethod,de,,,virtuelle Rekonstruktion,
949,Voivodeship,hasSubject,en,,,voivodeship,
120,word tokenization,hasSubject,en,,,word tokenisation,word tokenization
748,Zeitun,hasSubject,de,,,Zeitung,
021,Photogrammetrie,hasAppliedMethod,de,,,,
024,Bauaufnahme,hasAppliedMethod,de,,,,
025,Fernerkundung,hasAppliedMethod,de,,,,
026,Luftbild,hasAppliedMethod,de,,,,
029,Survey,hasAppliedMethod,de,,,,
030,3D-Dokumentation,hasAppliedMethod,de,,,,
031,3D-Modellierung,hasAppliedMethod,de,,,,
034,Archäometrie,hasAppliedMethod,de,,,,
038,Geomagnetik,hasAppliedMethod,de,,,,
040,Geophysik,hasAppliedMethod,de,,,,
041,Georadar,hasAppliedMethod,de,,,,
043,Karten,hasAppliedMethod,de,,,,
045,Oberflächensurvey,hasAppliedMethod,de,,,,
051,Satellitenbild,hasAppliedMethod,de,,,,
061,Vermessung,hasAppliedMethod,de,,,,
081,Geschichte,hasSubject,de,,,,
082,Grundbuch,hasSubject,de,,,,
085,Brief,hasSubject,de,,,,
087,Durchschlag,hasSubject,de,,,,
088,Typoskript,hasSubject,de,,,,
091,Zwischenkriegszeit,hasSubject,de,,,,
096,Druck,hasSubject,de,,,,
097,Landgericht,hasSubject,de,,,,
100,Zeitungsartikel,hasSubject,de,,,,
102,Bezirksamt,hasSubject,de,,,,
105,Mappe,hasSubject,de,,,,
107,Originalmappe,hasSubject,de,,,,
108,Manuskript,hasSubject,de,,,,
109,Kopie,hasSubject,de,,,,
110,Durchschlag mit handschriftlichen Überarbeitungen,hasSubject,de,,,,
111,Aktenvermerk,hasSubject,de,,,,
113,Durchschlag mit handschriftlichen Annotationen,hasSubject,de,,,,
114,Typoskript mit handschriftlichen Annotationen,hasSubject,de,,,,
115,Beschluss,hasSubject,de,,,,
118,Antrag,hasSubject,de,,,,
121,Typoskript mit handschriftlichen Überarbeitungen,hasSubject,de,,,,
125,Privatanklagedelikt,hasSubject,de,,,,
127,Strafrecht,hasSubject,de,,,,
128,Buchgeschichte,hasSubject,de,,,,
129,Geschichte des Lesens,hasSubject,de,,,,
130,privater Buchbesitz,hasSubject,de,,,,
132,Pensionierung,hasSubject,de,,,,
133,Urteil,hasSubject,de,,,,
134,Benachrichtigung,hasSubject,de,,,,
138,Protokoll,hasSubject,de,,,,
140,Privatanklage,hasSubject,de,,,,
142,Ladung,hasSubject,de,,,,
144,Schriftsatz,hasSubject,de,,,,
149,Rückschein,hasSubject,de,,,,
153,Pressedelikt,hasSubject,de,,,,
156,amtsfreie Stadt,hasSubject,de,,,,
159,Verwaltung,hasSubject,de,,,,
160,Kreis,hasSubject,de,,,,
163,Mitbestimmung,hasSubject,de,,,,
168,Entwurf (jur.),hasSubject,de,,,,
169,Außergerichtliche Erledigung,hasSubject,de,,,,
171,Umschlag,hasSubject,de,,,,
172,Demokratisierung,hasSubject,de,,,,
175,Originalumschlag,hasSubject,de,,,,
176,Postkarte,hasSubject,de,,,,
178,Verständigung,hasSubject,de,,,,
181,Erhaltsbestätigung,hasSubject,de,,,,
184,Kostenfestsetzung,hasSubject,de,,,,
187,Berichtigung (Ausgang),hasSubject,de,,,,
190,Berufungsausführung,hasSubject,de,,,,
193,Mitteilung,hasSubject,de,,,,
194,Ehrenbeleidigung,hasSubject,de,,,,
199,Beschwerde,hasSubject,de,,,,
208,Repression,hasSubject,de,,,,
211,Vernehmung,hasSubject,de,,,,
214,zwischenstaatliche Verhandlung,hasSubject,de,,,,
216,Telegramm,hasSubject,de,,,,
217,Ausgang unklar,hasSubject,de,,,,
225,Gericht,hasSubject,de,,,,
226,Übersetzung,hasSubject,de,,,,
230,Klage,hasSubject,de,,,,
231,Verurteilung,hasSubject,de,,,,
232,Auftrag,hasSubject,de,,,,
237,Erklärung (jur.),hasSubject,de,,,,
238,Lohnforderung,hasSubject,de,,,,
239,Notiz,hasSubject,de,,,,
240,Personalvertretung,hasSubject,de,,,,
241,Ruhestand,hasSubject,de,,,,
242,Vorrückung,hasSubject,de,,,,
248,Staatsbedienstetenorganisationen,hasSubject,de,,,,
249,Berichtigung (jur.),hasSubject,de,,,,
251,zwischenstaatliche Vereinbarung,hasSubject,de,,,,
252,Landeskommissariat,hasSubject,de,,,,Landkommissariat
253,Bitte,hasSubject,de,,,,
255,Strafanzeige,hasSubject,de,,,,
256,Archivrecherchen,hasSubject,de,,,,
257,Beweisantrag,hasSubject,de,,,,
262,Forschungsgeschichte,hasSubject,de,,,,
263,Hügelgräber,hasSubject,de,,,,
264,Keramik,hasSubject,de,,,,
266,Lagervorstadt,hasSubject,de,,,,
267,Legionslager,hasSubject,de,,,,
268,Munizipium,hasSubject,de,,,,
269,Nekropole,hasSubject,de,,,,
270,Siedlungstopographie,hasSubject,de,,,,Siedlungstopografie
271,Streik,hasSubject,de,,,,
272,Surveyartefakte,hasSubject,de,,,,
273,Wasserversorgung,hasSubject,de,,,,
274,Beamtenorganisation,hasSubject,de,,,,
275,Druck mit handschriftlichen Annotationen,hasSubject,de,,,,
281,Sozialdemokratie,hasSubject,de,,,,
282,Berufungsanmeldung,hasSubject,de,,,,
283,Die Fackel,hasSubject,de,,,,
288,Urheberrechtsverletzung,hasSubject,de,,,,
289,Zivilrecht,hasSubject,de,,,,
290,Anklageschrift,hasSubject,de,,,,
292,Gewerkschaft,hasSubject,de,,,,
293,Beförderung,hasSubject,de,,,,
295,Ergänzung,hasSubject,de,,,,
296,Koalitionsfreiheit,hasSubject,de,,,,
297,Bescheid,hasSubject,de,,,,
298,Bestätigung,hasSubject,de,,,,
299,Bevollmächtiger,hasSubject,de,,,,
303,Äußerung,hasSubject,de,,,,
310,Erlagschein,hasSubject,de,,,,
311,Freispruch,hasSubject,de,,,,
313,Kostenaufstellung,hasSubject,de,,,,
316,Vergleich (Ausgang),hasSubject,de,,,,
317,Beleg (jur.),hasSubject,de,,,,
320,Ernennung,hasSubject,de,,,,
321,Griechenland,hasSubject,de,,,,
325,Lesbos,hasSubject,de,,,,
326,Medienhistorisches,hasSubject,de,,,,
327,Rechnung,hasSubject,de,,,,
328,Berufung,hasSubject,de,,,,
330,Deckblatt,hasSubject,de,,,,
344,Theater,hasSubject,de,,,,
345,Verzeichnis,hasSubject,de,,,,
346,Vollmacht,hasSubject,de,,,,
347,Ausbildung,hasSubject,de,,,,
348,Bundesländer,hasSubject,de,,,,
350,Föderalismus,hasSubject,de,,,,
351,Fotografien,hasSubject,de,,,,
352,Intertextualität,hasSubject,de,,,,
353,Kündigung,hasSubject,de,,,,
354,Literaturwissenschaft,hasSubject,de,,,,
355,Medienwissenschaft,hasSubject,de,,,,
356,Personalkommission,hasSubject,de,,,,
357,Rechtsgeschichte,hasSubject,de,,,,
358,Zeugenaussage,hasSubject,de,,,,
359,Abhandlung,hasSubject,de,,,,
360,Bericht,hasSubject,de,,,,
361,Betriebsrat,hasSubject,de,,,,
362,Burgfrieden,hasSubject,de,,,,
370,Friedensverhandlungen,hasSubject,de,,,,
371,Kassabestätigung,hasSubject,de,,,,
374,Konzept (jur.),hasSubject,de,,,,
378,Staatsangestelltenkammer,hasSubject,de,,,,
379,Ungleichbehandlung,hasSubject,de,,,,
380,Zahlungsauftrag,hasSubject,de,,,,
381,Zurücknahme,hasSubject,de,,,,
387,Gemeindewahlrecht,hasSubject,de,,,,
389,Lohnverhandlung,hasSubject,de,,,,
390,Militarismus,hasSubject,de,,,,
391,Privatrecht,hasSubject,de,,,,
392,Radiogramm,hasSubject,de,,,,
395,Vertrag,hasSubject,de,,,,
396,Zahlungseingangsbestätigung,hasSubject,de,,,,
397,Zeitung,hasSubject,de,,,,
398,Aktennotiz,hasSubject,de,,,,
399,Ansuchen,hasSubject,de,,,,
400,Aufstellung,hasSubject,de,,,,
404,Hofgericht,hasSubject,de,,,,
405,Kommissionsbezirk der Provinzstadt,hasSubject,de,,,,
408,18. Jahrhundert,hasSubject,de,,,,achtzehntes Jahrhundert
409,Abrechnung,hasSubject,de,,,,
410,Bibliographie,hasSubject,de,,,,
417,Korrespondenz,hasSubject,de,,,,
418,Liste (jur.),hasSubject,de,,,,
421,Rechtsnachfolge,hasSubject,de,,,,
422,Sozialgeschichte,hasSubject,de,,,,
423,Tirol,hasSubject,de,,,,
424,Versetzung,hasSubject,de,,,,
425,Versicherung,hasSubject,de,,,,
426,Vertrauensmänner,hasSubject,de,,,,
427,Anfrage,hasSubject,de,,,,
428,Anweisung,hasSubject,de,,,,
429,Aufforderung,hasSubject,de,,,,
430,Berufungsschrift,hasSubject,de,,,,
443,Einspruch,hasSubject,de,,,,
446,Gesandtenkonferenz,hasSubject,de,,,,
447,Gutschrift,hasSubject,de,,,,
448,Hofmark,hasSubject,de,,,,
450,Klagebeantwortung,hasSubject,de,,,,
452,Kostenbestimmungsbeschluss,hasSubject,de,,,,
453,Nachricht,hasSubject,de,,,,
458,Staatsangestelltenrat,hasSubject,de,,,,
459,Strafantrag,hasSubject,de,,,,
460,Straferkenntnis,hasSubject,de,,,,
461,Verlagswesen,hasSubject,de,,,,
462,Verwaltungsrecht,hasSubject,de,,,,
463,Zurückziehung der Klage,hasSubject,de,,,,
468,Disziplinarrecht,hasSubject,de,,,,
471,Dossier,hasSubject,de,,,,
473,Druck mit handschriftlichen Überarbeitungen,hasSubject,de,,,,
476,Entente,hasSubject,de,,,,
477,Kassazettel,hasSubject,de,,,,
478,Lebensumstände,hasSubject,de,,,,
479,Memorandum,hasSubject,de,,,,
481,Nachkriegskrise,hasSubject,de,,,,
482,Nationalität,hasSubject,de,,,,
487,Systemisierung,hasSubject,de,,,,
488,tschechoslowakische Regierung,hasSubject,de,,,,
490,Vergeltung,hasSubject,de,,,,
491,Zensur,hasSubject,de,,,,
492,Ablehnung,hasSubject,de,,,,
493,Anklage-Kundmachung,hasSubject,de,,,,
494,Anzeige,hasSubject,de,,,,
495,Arbeiterrätin,hasSubject,de,,,,
496,Aufgabeschein,hasSubject,de,,,,
497,Bekanntgabe,hasSubject,de,,,,
498,Berichtigung,hasSubject,de,,,,
499,Bundesverfassung,hasSubject,de,,,,
525,Durchschlag mit handschriftlicher Mitteilung,hasSubject,de,,,,
527,Eingabe,hasSubject,de,,,,
528,Exekutionsbewilligung,hasSubject,de,,,,
529,Fortbildung,hasSubject,de,,,,
531,Gedächtnisprotokoll,hasSubject,de,,,,
532,Geldbuße,hasSubject,de,,,,
533,Gutachten,hasSubject,de,,,,
535,Information,hasSubject,de,,,,
537,Manuskript mit handschriftlichen Annotationen,hasSubject,de,,,,
540,Nationalsozialismus,hasSubject,de,,,,
543,Phonogrammarchiv,hasSubject,de,,,,
545,Postanweisung,hasSubject,de,,,,
546,Programmheft,hasSubject,de,,,,
548,Rekurs,hasSubject,de,,,,
549,Selbstbestimmungsrecht,hasSubject,de,,,,
551,Staatsvertrag (St. Germain),hasSubject,de,,,,"Vertrag von Saint-Germain, Staatsvertrag von Saint-Germain-en-Laye"
552,Strafregisterauszug,hasSubject,de,,,,
553,Strafverfahrensakt,hasSubject,de,,,,
556,Typoskript mit handschriftlicher Mitteilung,hasSubject,de,,,,
557,Typoskript mit sonstigen Schreibspuren,hasSubject,de,,,,
558,Verfügungsbogen,hasSubject,de,,,,
559,Vertragsbruch,hasSubject,de,,,,
560,Vertragsverletzung,hasSubject,de,,,,
561,Vikariat,hasSubject,de,,,,
562,Abfertigung,hasSubject,de,,,,
563,Abschrift (lit.),hasSubject,de,,,,
564,Abweisung,hasSubject,de,,,,
565,Autonomie,hasSubject,de,,,,
566,Beamtenrat,hasSubject,de,,,,
567,Beweisabschluss,hasSubject,de,,,,
568,Bürgerkrieg,hasSubject,de,,,,
573,Disziplinarausschuss,hasSubject,de,,,,
581,Erpressung,hasSubject,de,,,,
582,Forderung bezahlt,hasSubject,de,,,,
583,Geist (moderner),hasSubject,de,,,,
584,Jude,hasSubject,de,,,,
590,Pamphlet,hasSubject,de,,,,
592,Personalpolitik,hasSubject,de,,,,
593,Pfleggericht,hasSubject,de,,,,
597,Schuldrecht,hasSubject,de,,,,
599,Stadtgericht,hasSubject,de,,,,
600,Tagebuch,hasSubject,de,,,,
604,Zustellung,hasSubject,de,,,,
605,Akt,hasSubject,de,,,,
606,Aktenübersicht,hasSubject,de,,,,
607,Anklage,hasSubject,de,,,,
610,Aufgabeabschnitt,hasSubject,de,,,,
611,Aufruf,hasSubject,de,,,,
612,Auszug,hasSubject,de,,,,
613,Berufungsbescheid,hasSubject,de,,,,
614,Bestechung,hasSubject,de,,,,
617,Briefausgabe,hasSubject,de,,,,
618,Briefumschlag,hasSubject,de,,,,
625,Disziplinaranzeige,hasSubject,de,,,,
660,Durchschlag mit sonstigen Schreibspuren,hasSubject,de,,,,
661,Edition,hasSubject,de,,,,
664,Ehrenerklärung,hasSubject,de,,,,
665,Entschuldigung,hasSubject,de,,,,
666,Entwurf,hasSubject,de,,,,
668,Ersatzanspruch,hasSubject,de,,,,
669,Exekutionsausweis,hasSubject,de,,,,
670,Expensen-Note,hasSubject,de,,,,
673,Fotografie,hasSubject,de,,,,Photographie
676,Fundbearbeitung,hasSubject,de,,,,
677,Gedicht,hasSubject,de,,,,
678,Geldstrafe,hasSubject,de,,,,
685,Kostennote,hasSubject,de,,,,
686,Lesezeichen,hasSubject,de,,,,
687,Leumundsnote,hasSubject,de,,,,
689,Liste,hasSubject,de,,,,
690,Liste (korr.),hasSubject,de,,,,
693,Lokalpolitik,hasSubject,de,,,,
694,Luftkrieg,hasSubject,de,,,,
695,Mandat (politisches),hasSubject,de,,,,
696,Manuskript mit handschriftlicher Mitteilung,hasSubject,de,,,,
699,Marktgericht,hasSubject,de,,,,
705,Mitschrift,hasSubject,de,,,,
706,Mitschriften,hasSubject,de,,,,
708,Ontologie,hasSubject,de,,,,
711,Personalrat,hasSubject,de,,,,
712,Plakat,hasSubject,de,,,,
716,Protest,hasSubject,de,,,,
718,Rechtsmittelanmeldung,hasSubject,de,,,,
719,Revisionsbeantwortung,hasSubject,de,,,,
720,Revisionsschrift,hasSubject,de,,,,
730,Tagebücher,hasSubject,de,,,,
731,Testament,hasSubject,de,,,,
735,Tonaufnahmen,hasSubject,de,,,,
737,Typoskript mit handschriftlichen Änderungen,hasSubject,de,,,,
738,Überweisung,hasSubject,de,,,,
739,Überweisungsbeschluss,hasSubject,de,,,,
741,Verfügung,hasSubject,de,,,,
742,Verlassenschaftsabhandlung,hasSubject,de,,,,
743,Verlautbarung,hasSubject,de,,,,
744,Verrechnung,hasSubject,de,,,,
745,Versammlung,hasSubject,de,,,,
747,Zahlungsverpflichtung,hasSubject,de,,,,
749,Zurückweisung (jur.),hasSubject,de,,,,
750,Zweiter Weltkrieg,hasSubject,de,,,,
754,Änderung,hasSubject,de,,,,
758,Auflösung des Vertrags,hasSubject,de,,,,
759,Ausbleiben der Rückzahlung,hasSubject,de,,,,
760,Ausschuss,hasSubject,de,,,,
766,Bauaufnahme,hasSubject,de,,,,
767,Beförderungsdienstfrist,hasSubject,de,,,,
768,Beleidigung,hasSubject,de,,,,
769,Beschlagnahme aufgehoben,hasSubject,de,,,,
770,Bildungsreform,hasSubject,de,,,,
772,Bundespolizeidirektion,hasSubject,de,,,,
786,Darlehen zurückbezahlt,hasSubject,de,,,,
792,Diplomatiegeschichte,hasSubject,de,,,,
793,Drohung,hasSubject,de,,,,
806,Ehrenkränkung,hasSubject,de,,,,
807,Einigung,hasSubject,de,,,,
809,Erklärung (Ausgang),hasSubject,de,,,,
811,Fachprüfung,hasSubject,de,,,,
812,französische Regierung,hasSubject,de,,,,
813,Fundfotos,hasSubject,de,,,,
814,Fundzeichnungen,hasSubject,de,,,,
816,Genfer Protokolle,hasSubject,de,,,,
817,Gesteinsproben,hasSubject,de,,,,
818,Glacis,hasSubject,de,,,,
820,Grabungstagebuch,hasSubject,de,,,,
825,Gremium,hasSubject,de,,,,
826,Großdeutsche Volkspartei,hasSubject,de,,,,
830,Honorar,hasSubject,de,,,,
832,Indiskretion,hasSubject,de,,,,
836,Karten,hasSubject,de,,,,
837,Klage wegen Forderung,hasSubject,de,,,,
838,Koalitionsrecht,hasSubject,de,,,,
839,Kongressakten,hasSubject,de,,,,
840,Kongress von Aachen,hasSubject,de,,,,
841,Kongress von Laibach,hasSubject,de,,,,
842,Kongress von Troppau,hasSubject,de,,,,
843,Kongress von Verona,hasSubject,de,,,,
844,Konterrevolution,hasSubject,de,,,,
845,Kronos-Verlag,hasSubject,de,,,,Kronos Verlag
851,Laufbahn,hasSubject,de,,,,
852,Laufbahn (Folgen),hasSubject,de,,,,
856,Mächtekongress,hasSubject,de,,,,
857,Mächtekonzert,hasSubject,de,,,,
858,Magnetik,hasSubject,de,,,,
865,Monarchenkongresse,hasSubject,de,,,,
866,Mörtelproben,hasSubject,de,,,,
867,Nachrede,hasSubject,de,,,,
871,Opferbereitschaft,hasSubject,de,,,,
873,Österreich 1849-1860,hasSubject,de,,,,
875,Pauperisierung,hasSubject,de,,,,
877,Persönlichkeitsrechtsverletzung,hasSubject,de,,,,
878,Plagiat,hasSubject,de,,,,
881,Profilzeichnungen,hasSubject,de,,,,
882,Qualifikationsbeschwerde,hasSubject,de,,,,
885,Rückzahlung,hasSubject,de,,,,
886,Rufschädigung,hasSubject,de,,,,
887,Schadensersatz,hasSubject,de,,,,
888,Scheitern der Exekution,hasSubject,de,,,,
890,Schloss,hasSubject,de,,,,
891,Schweiz,hasSubject,de,,,,
893,Selbstverwaltung,hasSubject,de,,,,
908,Staatsbediensteten-Kommission,hasSubject,de,,,,
910,Sühne,hasSubject,de,,,,
935,tschechoslowakisches Militär,hasSubject,de,,,,
936,Umsiedlung,hasSubject,de,,,,
940,Urheberrechtsverletzung (Bel.),hasSubject,de,,,,
941,Verhaftung,hasSubject,de,,,,
942,Verletzung des Rechts am eigenen Bild,hasSubject,de,,,,
943,Verleumdung,hasSubject,de,,,,
944,Vermessung,hasSubject,de,,,,
945,Versetzung außerhalb Wiens,hasSubject,de,,,,
946,Versteigerung,hasSubject,de,,,,
947,Verwaltungsrechtssache,hasSubject,de,,,,
950,Wiener Kongress,hasSubject,de,,,,
953,Zurückweisung,hasSubject,de,,,,
012,XML/TEI (P5),hasAppliedMethod,en,abbreviation,,,
013,OCR,hasAppliedMethod,en,abbreviation,,,optical character recognition
028,SKOS Simple Knowledge Organization System,hasAppliedMethod,en,abbreviation,,,
046,"OCR, XML/TEI structural and semantic annotation",hasAppliedMethod,en,abbreviation,,,
066,XML/TEI,hasCategory,en,abbreviation,,,
819,GPR,hasSubject,en,abbreviation,,,"ground-penetrating radar, ground penetrating radar"
912,TEI,hasSubject,en,abbreviation,,,Text Encoding Initiative
952,XML,hasSubject,en,abbreviation,,,Extensible Markup Language
001,photography,hasAppliedMethod,en,,,,
002,scanning,hasAppliedMethod,en,,,,
003,3D scanning,hasAppliedMethod,en,,,,
004,photography,hasAppliedMethod,en,,,,
006,"data management, data curation",hasAppliedMethod,en,,,,
008,lemmatization,hasAppliedMethod,en,,,,
010,tokenization,hasAppliedMethod,en,,,,
011,"VOICE, the Vienna-Oxford International Corpus of English, is a one-million-word corpus of naturally-occurring, non-scripted, face-to-face interactions carried out using English as a lingua franca (ELF), i.e. English used as a common means of communication among speakers from different first-language backgrounds. The interactions recorded and transcribed are complete speech events from different domains (educational, leisure, professional) and represent different speech event types (conversation, interview, meeting, panel, press conference, question-answer session, seminar discussion, service encounter, working group discussion, workshop discussion).",hasAppliedMethod,en,,,,
014,"pottery documentation, inked drawings",hasAppliedMethod,en,,,,
015,TEI schema customization,hasAppliedMethod,en,,,,
016,XML/TEI structural and semantic annotation,hasAppliedMethod,en,,,,
017,"archaeological excavation, pottery documentation, photography",hasAppliedMethod,en,,,,
019,index file creation,hasAppliedMethod,en,,,,
022,structure from motion,hasAppliedMethod,en,,,,
032,3D scanning,hasAppliedMethod,en,,,,
033,archaeological excavation,hasAppliedMethod,en,,,,
035,borehole sampling,hasAppliedMethod,en,,,,
037,geological survey,hasAppliedMethod,en,,,,
039,geomorphological survey,hasAppliedMethod,en,,,,
042,"image creation (scanning, photography)",hasAppliedMethod,en,,,,
048,photography in public,hasAppliedMethod,en,,,,
049,"pottery documentation, inked drawings",hasAppliedMethod,en,,,,
050,remote sensing,hasAppliedMethod,en,,,,
052,sediment analysis,hasAppliedMethod,en,,,,
053,SKOS data modelling,hasAppliedMethod,en,,,,
054,structure from motion,hasAppliedMethod,en,,,,
056,surface survey,hasAppliedMethod,en,,,,
059,textual annotation,hasAppliedMethod,en,,,,
060,topographical survey,hasAppliedMethod,en,,,,
063,XML/TEI (P5) encoding,hasAppliedMethod,en,,,,
064,X-ray,hasAppliedMethod,en,,,,
080,pottery fragments,hasSubject,en,,,,
083,historic administrative units,hasSubject,en,,,,
089,aerial warfare,hasSubject,en,,,,
090,Second world war,hasSubject,en,,,,"Second World War, World War II"
092,multilingualism,hasSubject,en,,,,
093,English as a lingua franca,hasSubject,en,,,,
094,interaction,hasSubject,en,,,,
095,interculturality,hasSubject,en,,,,
099,pottery,hasSubject,en,,,,
103,part-of-speech tagging,hasSubject,en,,,,
136,leisure conversation,hasSubject,en,,,,
158,professional organizational working group discussion,hasSubject,en,,,,
162,professional organizational meeting,hasSubject,en,,,,
164,educational workshop discussion,hasSubject,en,,,,
185,professional business meeting,hasSubject,en,,,,
186,professional organizational workshop discussion,hasSubject,en,,,,
195,professional research/science conversation,hasSubject,en,,,,
200,conversation,hasSubject,en,,,,
203,interview,hasSubject,en,,,,
204,meeting,hasSubject,en,,,,
205,panel,hasSubject,en,,,,
206,press conference,hasSubject,en,,,,
207,question-answer session,hasSubject,en,,,,
209,seminar discussion,hasSubject,en,,,,
210,service encounter,hasSubject,en,,,,
212,working group discussion,hasSubject,en,,,,
213,workshop discussion,hasSubject,en,,,,
218,educational seminar discussion,hasSubject,en,,,,
220,professional business service encounter,hasSubject,en,,,,
221,professional research/science interview,hasSubject,en,,,,
222,professional research/science panel,hasSubject,en,,,,
223,professional research/science question-answer session,hasSubject,en,,,,
243,educational interview,hasSubject,en,,,,
244,educational service encounter,hasSubject,en,,,,
245,educational working group discussion,hasSubject,en,,,,
246,leisure interview,hasSubject,en,,,,
247,professional organizational press conference,hasSubject,en,,,,
276,educational conversation,hasSubject,en,,,,
277,professional business panel,hasSubject,en,,,,
278,professional business question-answer session,hasSubject,en,,,,
302,professional organizational conversation,hasSubject,en,,,,
312,High-Bailiwick,hasSubject,en,,,,
322,historical travel guides,hasSubject,en,,,,
335,educational,hasSubject,en,,,,
338,leisure,hasSubject,en,,,,
339,professional business,hasSubject,en,,,,
340,professional organizational,hasSubject,en,,,,
341,professional research and science,hasSubject,en,,,,
407,polyglot dictionary,hasSubject,en,,,,
411,bibliography,hasSubject,en,,,,
454,online site database,hasSubject,en,,,,
484,professional business conversation,hasSubject,en,,,,
485,professional research/science working group discussion,hasSubject,en,,,,
500,capacity,hasSubject,en,,,,
504,data integration,hasSubject,en,,,,
530,function,hasSubject,en,,,,
550,shape,hasSubject,en,,,,
587,linked open data,hasSubject,en,,,,
589,online site database,hasSubject,en,,,,
591,Papal State,hasSubject,en,,,,"Papal States, State of the Church"
596,research event,hasSubject,en,,,,
598,semantic technologies,hasSubject,en,,,,
601,TEI schema,hasSubject,en,,,,
609,artefact,hasSubject,en,,,,
616,botany,hasSubject,en,,,,
619,cave,hasSubject,en,,,,
620,cemetery,hasSubject,en,,,,
623,data integration,hasSubject,en,,,,
624,data sharing,hasSubject,en,,,,
672,fieldwork archive,hasSubject,en,,,,
679,grave,hasSubject,en,,,,
680,group designations,hasSubject,en,,,,
682,Holy Roman Empire,hasSubject,en,,,,
688,linked open data,hasSubject,en,,,,
692,lithics,hasSubject,en,,,,
700,material culture,hasSubject,en,,,,
704,Middle Ages,hasSubject,en,,,,
709,ontology,hasSubject,en,,,,
710,Order of the Golden Fleece,hasSubject,en,,,,
713,pottery,hasSubject,en,,,,
714,pottery studies,hasSubject,en,,,,
717,quarry,hasSubject,en,,,,
722,settlement,hasSubject,en,,,,
725,sights,hasSubject,en,,,,
726,small finds,hasSubject,en,,,,
727,small finds,hasSubject,en,,,,
734,thesaurus,hasSubject,en,,,,
736,transcription conventions,hasSubject,en,,,,
752,3D models,hasSubject,en,,,,
755,Arabic linguistics,hasSubject,en,,,,
756,archaeological database,hasSubject,en,,,,
757,archaeological sites,hasSubject,en,,,,
761,Austrian magazines,hasSubject,en,,,,
762,Austrian media landscape,hasSubject,en,,,,
763,Austrian newspapers,hasSubject,en,,,,
764,Austrian Press Agency,hasSubject,en,,,,
765,Austrian press releases,hasSubject,en,,,,
771,Bronze Age sites,hasSubject,en,,,,
775,Concert of Europe,hasSubject,en,,,,
778,Congress of Laibach,hasSubject,en,,,,
779,Congress of Troppau,hasSubject,en,,,,
780,Congress of Verona,hasSubject,en,,,,
781,Congress of Vienna,hasSubject,en,,,,
783,controlled vocabulary,hasSubject,en,,,,
787,data,hasSubject,en,,,,
788,data model,hasSubject,en,,,,
790,digitisation,hasSubject,en,,,,
810,European Concert of Powers,hasSubject,en,,,,European concert of powers
824,Great Powers,hasSubject,en,,,,great powers
833,inscription,hasSubject,en,,,,
835,journalistic prose,hasSubject,en,,,,
847,language choice,hasSubject,en,,,,
848,language contact,hasSubject,en,,,,
849,language mapping,hasSubject,en,,,,
850,language variation,hasSubject,en,,,,
853,lexical resources,hasSubject,en,,,,
854,linguistic landscape,hasSubject,en,,,,
859,manual,hasSubject,en,,,,
861,mark-up,hasSubject,en,,,,markup
862,mark-up conventions,hasSubject,en,,,,markup conventions
863,military frontier,hasSubject,en,,,,
868,Neolithic pottery,hasSubject,en,,,,
869,Neolithic sites,hasSubject,en,,,,
870,open data,hasSubject,en,,,,
889,schema,hasSubject,en,,,,
892,search manual,hasSubject,en,,,,
906,spelling,hasSubject,en,,,,
907,spelling conventions,hasSubject,en,,,,
911,tag set,hasSubject,en,,,,
931,thesaurus,hasSubject,en,,,,
933,transcription,hasSubject,en,,,,
951,written language in public space,hasSubject,en,,,,
084,GIS,hasSubject,und,abbreviation,,,"Geoinformationssysteme, Geographische Informationssysteme, geographic information system"
501,CIDOC CRM,hasSubject,und,abbreviation,,,CIDOC Conceptual Reference Model
932,TLS,hasSubject,und,abbreviation,,,"terrestrisches Laserscanning, terrestrial laser scanning"
086,D.K.BRF,hasSubject,und,DAACDA,,,
101,D.P.ZTA,hasSubject,und,DAACDA,,,
106,D.J.MAP,hasSubject,und,DAACDA,,,
112,D.J.AKV,hasSubject,und,DAACDA,,,
116,D.J.BSS,hasSubject,und,DAACDA,,,
119,D.J.ANT,hasSubject,und,DAACDA,,,
123,S.F.KRA,hasSubject,und,DAACDA,,,
124,C.S.PRI,hasSubject,und,DAACDA,,,
126,R.F.STR,hasSubject,und,DAACDA,,,
131,D.J.URT,hasSubject,und,DAACDA,,,
135,D.J.BEN,hasSubject,und,DAACDA,,,
137,D.J.PKL,hasSubject,und,DAACDA,,,
139,D.J.PKG,hasSubject,und,DAACDA,,,
141,D.J.LAD,hasSubject,und,DAACDA,,,
143,D.J.STZ,hasSubject,und,DAACDA,,,
146,T.F.PRE,hasSubject,und,DAACDA,,,
148,D.K.RKS,hasSubject,und,DAACDA,,,
152,C.S.PRE,hasSubject,und,DAACDA,,,
155,R.F.PRE,hasSubject,und,DAACDA,,,
165,R.F.SON,hasSubject,und,DAACDA,,,
167,D.J.ENW,hasSubject,und,DAACDA,,,
170,E.F.AGE,hasSubject,und,DAACDA,,,
173,D.J.UMS,hasSubject,und,DAACDA,,,
174,D.K.PKT,hasSubject,und,DAACDA,,,
177,D.J.VRS,hasSubject,und,DAACDA,,,
180,D.K.EBS,hasSubject,und,DAACDA,,,
182,D.J.KFS,hasSubject,und,DAACDA,,,
188,E.F.AEB,hasSubject,und,DAACDA,,,
191,D.J.BAF,hasSubject,und,DAACDA,,,
192,D.J.MIT,hasSubject,und,DAACDA,,,
196,T.F.EHR,hasSubject,und,DAACDA,,,
201,D.J.BSW,hasSubject,und,DAACDA,,,
202,D.J.VRN,hasSubject,und,DAACDA,,,
215,D.K.TGR,hasSubject,und,DAACDA,,,
219,E.F.AUS,hasSubject,und,DAACDA,,,
224,D.J.UBR,hasSubject,und,DAACDA,,,
227,D.J.BRG,hasSubject,und,DAACDA,,,
228,D.J.KLG,hasSubject,und,DAACDA,,,
229,E.F.VER,hasSubject,und,DAACDA,,,
233,D.J.AUF,hasSubject,und,DAACDA,,,
234,D.J.ERK,hasSubject,und,DAACDA,,,
235,D.J.NOT,hasSubject,und,DAACDA,,,
236,D.J.SFE,hasSubject,und,DAACDA,,,
254,D.J.BIT,hasSubject,und,DAACDA,,,
261,D.J.BWN,hasSubject,und,DAACDA,,,
265,K.K.STU,hasSubject,und,DAACDA,,,
280,K.P.SOZ,hasSubject,und,DAACDA,,,
284,D.J.BAN,hasSubject,und,DAACDA,,,
285,K.K.FAC,hasSubject,und,DAACDA,,,
286,R.F.ZIV,hasSubject,und,DAACDA,,,
287,T.F.URV,hasSubject,und,DAACDA,,,
291,D.J.AKS,hasSubject,und,DAACDA,,,
294,D.J.ERG,hasSubject,und,DAACDA,,,
300,D.J.BSD,hasSubject,und,DAACDA,,,
301,D.J.BST,hasSubject,und,DAACDA,,,
304,D.J.AUG,hasSubject,und,DAACDA,,,
305,D.J.ERL,hasSubject,und,DAACDA,,,
306,D.J.KOB,hasSubject,und,DAACDA,,,
307,D.P.ZTG,hasSubject,und,DAACDA,,,
308,E.F.FRE,hasSubject,und,DAACDA,,,
309,E.F.VGL,hasSubject,und,DAACDA,,,
318,D.J.BEL,hasSubject,und,DAACDA,,,
319,D.J.RNG,hasSubject,und,DAACDA,,,
324,K.K.MED,hasSubject,und,DAACDA,,,
329,C.Z.STR,hasSubject,und,DAACDA,,,
331,D.J.BRF,hasSubject,und,DAACDA,,,
332,D.J.DKB,hasSubject,und,DAACDA,,,
333,D.J.VOL,hasSubject,und,DAACDA,,,
334,D.J.VRZ,hasSubject,und,DAACDA,,,
337,K.K.THE,hasSubject,und,DAACDA,,,
349,D.J.ZAS,hasSubject,und,DAACDA,,,
363,D.J.ABH,hasSubject,und,DAACDA,,,
364,D.J.BER,hasSubject,und,DAACDA,,,
365,D.J.KON,hasSubject,und,DAACDA,,,
366,D.J.KSB,hasSubject,und,DAACDA,,,
367,D.J.ZAT,hasSubject,und,DAACDA,,,
368,D.J.ZUN,hasSubject,und,DAACDA,,,
369,E.F.NIC,hasSubject,und,DAACDA,,,
372,K.K.LIT,hasSubject,und,DAACDA,,,
373,K.K.SCH,hasSubject,und,DAACDA,,,
383,D.J.LIS,hasSubject,und,DAACDA,,,
384,D.J.VER,hasSubject,und,DAACDA,,,
385,D.J.ZEB,hasSubject,und,DAACDA,,,
386,D.K.RAD,hasSubject,und,DAACDA,,,
388,K.K.BER,hasSubject,und,DAACDA,,,
393,R.F.PRI,hasSubject,und,DAACDA,,,
401,D.J.AFS,hasSubject,und,DAACDA,,,
402,D.J.AKN,hasSubject,und,DAACDA,,,
403,D.J.ANS,hasSubject,und,DAACDA,,,
413,D.J.ABR,hasSubject,und,DAACDA,,,
414,D.J.ANW,hasSubject,und,DAACDA,,,
415,D.J.VSR,hasSubject,und,DAACDA,,,
416,D.L,hasSubject,und,DAACDA,,,
431,D.J.AFD,hasSubject,und,DAACDA,,,
432,D.J.ANF,hasSubject,und,DAACDA,,,
433,D.J.BRS,hasSubject,und,DAACDA,,,
434,D.J.EIN,hasSubject,und,DAACDA,,,
435,D.J.GTS,hasSubject,und,DAACDA,,,
436,D.J.KBS,hasSubject,und,DAACDA,,,
437,D.J.KLB,hasSubject,und,DAACDA,,,
438,D.J.RUK,hasSubject,und,DAACDA,,,
439,D.J.SAT,hasSubject,und,DAACDA,,,
440,D.K.NCH,hasSubject,und,DAACDA,,,
441,D.K.UMS,hasSubject,und,DAACDA,,,
442,E.F.ZUR,hasSubject,und,DAACDA,,,
449,K.K.VER,hasSubject,und,DAACDA,,,
457,R.F.VER,hasSubject,und,DAACDA,,,
465,C.K.KOR,hasSubject,und,DAACDA,,,
467,C.Z.UNS,hasSubject,und,DAACDA,,,
469,D.J.DOS,hasSubject,und,DAACDA,,,
470,D.J.KSZ,hasSubject,und,DAACDA,,,
472,D.P,hasSubject,und,DAACDA,,,
474,E.F.EIN,hasSubject,und,DAACDA,,,
506,D.J.ABL,hasSubject,und,DAACDA,,,
507,D.J.AKU,hasSubject,und,DAACDA,,,
508,D.J.ANZ,hasSubject,und,DAACDA,,,
509,D.J.BEK,hasSubject,und,DAACDA,,,
510,D.J.EGE,hasSubject,und,DAACDA,,,
511,D.J.EXB,hasSubject,und,DAACDA,,,
512,D.J.GPK,hasSubject,und,DAACDA,,,
513,D.J.GUT,hasSubject,und,DAACDA,,,
514,D.J.INF,hasSubject,und,DAACDA,,,
515,D.J.MEM,hasSubject,und,DAACDA,,,
516,D.J.MST,hasSubject,und,DAACDA,,,
517,D.J.REK,hasSubject,und,DAACDA,,,
518,D.J.SRA,hasSubject,und,DAACDA,,,
519,D.J.SVA,hasSubject,und,DAACDA,,,
520,D.J.VFB,hasSubject,und,DAACDA,,,
521,D.K.AGS,hasSubject,und,DAACDA,,,
522,D.K.PAW,hasSubject,und,DAACDA,,,
523,D.S.FOT,hasSubject,und,DAACDA,,,
524,D.S.PGH,hasSubject,und,DAACDA,,,
526,E.F.GBU,hasSubject,und,DAACDA,,,
536,K.P.NAT,hasSubject,und,DAACDA,,,
554,T.F.VBR,hasSubject,und,DAACDA,,,
555,T.F.VVL,hasSubject,und,DAACDA,,,
572,C.P.VER,hasSubject,und,DAACDA,,,
574,D.J,hasSubject,und,DAACDA,,,
575,D.J.BWA,hasSubject,und,DAACDA,,,
576,D.J.ZST,hasSubject,und,DAACDA,,,
577,D.L.ABS,hasSubject,und,DAACDA,,,
578,D.L.PMP,hasSubject,und,DAACDA,,,
579,E.F.ABW,hasSubject,und,DAACDA,,,
580,E.F.FOR,hasSubject,und,DAACDA,,,
586,K.P.CHR,hasSubject,und,DAACDA,,,
602,T.F.ERP,hasSubject,und,DAACDA,,,
603,T.F.SCH,hasSubject,und,DAACDA,,,
626,D.J.AKT,hasSubject,und,DAACDA,,,
627,D.J.ANK,hasSubject,und,DAACDA,,,
628,D.J.ARF,hasSubject,und,DAACDA,,,
629,D.J.AUB,hasSubject,und,DAACDA,,,
630,D.J.AZG,hasSubject,und,DAACDA,,,
631,D.J.BEB,hasSubject,und,DAACDA,,,
632,D.J.DAN,hasSubject,und,DAACDA,,,
633,D.J.EEK,hasSubject,und,DAACDA,,,
634,D.J.ENT,hasSubject,und,DAACDA,,,
635,D.J.ERA,hasSubject,und,DAACDA,,,
636,D.J.ERO,hasSubject,und,DAACDA,,,
637,D.J.EXA,hasSubject,und,DAACDA,,,
638,D.J.EXN,hasSubject,und,DAACDA,,,
639,D.J.KSN,hasSubject,und,DAACDA,,,
640,D.J.LEU,hasSubject,und,DAACDA,,,
641,D.J.RMA,hasSubject,und,DAACDA,,,
642,D.J.RVA,hasSubject,und,DAACDA,,,
643,D.J.RVS,hasSubject,und,DAACDA,,,
644,D.J.STG,hasSubject,und,DAACDA,,,
646,D.J.TST,hasSubject,und,DAACDA,,,
647,D.J.UBS,hasSubject,und,DAACDA,,,
648,D.J.UBW,hasSubject,und,DAACDA,,,
649,D.J.VLB,hasSubject,und,DAACDA,,,
650,D.J.VRF,hasSubject,und,DAACDA,,,
651,D.J.VRG,hasSubject,und,DAACDA,,,
652,D.J.ZRW,hasSubject,und,DAACDA,,,
653,D.J.ZVP,hasSubject,und,DAACDA,,,
654,D.K.AAS,hasSubject,und,DAACDA,,,
655,D.K.LIS,hasSubject,und,DAACDA,,,
656,D.L.GED,hasSubject,und,DAACDA,,,
658,D.S.LSZ,hasSubject,und,DAACDA,,,
659,D.S.PLK,hasSubject,und,DAACDA,,,
662,E.F.AEE,hasSubject,und,DAACDA,,,
663,E.F.GEL,hasSubject,und,DAACDA,,,
723,S.F.FRI,hasSubject,und,DAACDA,,,
724,S.F.MAR,hasSubject,und,DAACDA,,,
732,T.F.BES,hasSubject,und,DAACDA,,,
733,T.F.FZA,hasSubject,und,DAACDA,,,
785,C.V.VER,hasSubject,und,DAACDA,,,
794,E.F.AEI,hasSubject,und,DAACDA,,,
795,E.F.AUF,hasSubject,und,DAACDA,,,
796,E.F.BES,hasSubject,und,DAACDA,,,
797,E.F.DAR,hasSubject,und,DAACDA,,,
798,E.F.ERK,hasSubject,und,DAACDA,,,
799,E.F.HON,hasSubject,und,DAACDA,,,
800,E.F.RUE,hasSubject,und,DAACDA,,,
801,E.F.SCH,hasSubject,und,DAACDA,,,
802,E.F.SUE,hasSubject,und,DAACDA,,,
803,E.F.VAU,hasSubject,und,DAACDA,,,
804,E.F.VSE,hasSubject,und,DAACDA,,,
805,E.F.ZRW,hasSubject,und,DAACDA,,,
894,S.F.BEK,hasSubject,und,DAACDA,,,
895,S.F.BPD,hasSubject,und,DAACDA,,,
896,S.F.KER,hasSubject,und,DAACDA,,,
897,S.F.KRO,hasSubject,und,DAACDA,,,
898,S.F.LIE,hasSubject,und,DAACDA,,,
899,S.F.PAD,hasSubject,und,DAACDA,,,
900,S.F.PIS,hasSubject,und,DAACDA,,,
901,S.F.RIC,hasSubject,und,DAACDA,,,
902,S.F.RUE,hasSubject,und,DAACDA,,,
903,S.F.SAM,hasSubject,und,DAACDA,,,
904,S.F.SME,hasSubject,und,DAACDA,,,
914,T.F.AUS,hasSubject,und,DAACDA,,,
915,T.F.BEL,hasSubject,und,DAACDA,,,
916,T.F.DRO,hasSubject,und,DAACDA,,,
917,T.F.EHK,hasSubject,und,DAACDA,,,
918,T.F.EUV,hasSubject,und,DAACDA,,,
919,T.F.GDR,hasSubject,und,DAACDA,,,
920,T.F.IND,hasSubject,und,DAACDA,,,
921,T.F.KWF,hasSubject,und,DAACDA,,,
922,T.F.MNR,hasSubject,und,DAACDA,,,
923,T.F.NAC,hasSubject,und,DAACDA,,,
924,T.F.PER,hasSubject,und,DAACDA,,,
925,T.F.REB,hasSubject,und,DAACDA,,,
926,T.F.RUF,hasSubject,und,DAACDA,,,
927,T.F.UNA,hasSubject,und,DAACDA,,,
928,T.F.UNB,hasSubject,und,DAACDA,,,
929,T.F.UPL,hasSubject,und,DAACDA,,,
930,T.F.VER,hasSubject,und,DAACDA,,,
122,Karl Kraus,hasSubject,und,proper name,,,
323,Karl Baedeker,hasSubject,und,proper name,,,
675,Friedrich Austerlitz,hasSubject,und,proper name,,,
683,Hüyücektepe,hasSubject,und,proper name,,,
698,Marie Turnowsky,hasSubject,und,proper name,,,
746,Yeldeğirmentepe,hasSubject,und,proper name,,,
753,Alfred Kerr,hasSubject,und,proper name,,,
821,Graf Leo Thun-Hohenstein,hasSubject,und,proper name,,,
827,Hans Liebstöckl,hasSubject,und,proper name,,,
831,Imre Békessy,hasSubject,und,proper name,,,
855,Lothar Rübelt,hasSubject,und,proper name,,,
872,Oskar Samek,hasSubject,und,proper name,,,
874,Paul Amadeus Pisk,hasSubject,und,proper name,,,
876,PeriodO,hasSubject,und,proper name,,,
883,Richard Lányi,hasSubject,und,proper name,,,
884,Richard Smetana,hasSubject,und,proper name,,,
909,Stefan Padajaunig,hasSubject,und,proper name,,,
934,Transkribus,hasSubject,und,proper name,,,