Tag;Vocabularies;Number of Vocabularies;Cause for Irrelevance;Mapping
aesthetics of music;ACDH-CH website;1;;
annotation;ACDH-CH website, ARCHE, dha taxonomy, dha website, SSHOC, Zotero (KONDE);6;;
archaeology;ACDH-CH website, dha taxonomy, dha website, gams, SSHOC;5;;
austrian music studies;ACDH-CH website;1;;
citizen science;ACDH-CH website, DARIAH Campus, dha website, SSHOC;4;;
codicology;ACDH-CH website;1;;
corpora;ACDH-CH website, dha website, SSHOC, Zotero (KONDE);4;;
corpus linguistics;ACDH-CH website, dha taxonomy, dha website;3;;
critical editions of music;ACDH-CH website;1;;
cultural heritage;ACDH-CH website, dha taxonomy, dha website, SSHOC;4;;
cultural history;ACDH-CH website;1;;
cultural studies;ACDH-CH website, dha taxonomy, dha website;3;;
culture studies;ACDH-CH website;1;;
dha conferences;ACDH-CH website;1;;
digital editions;ACDH-CH website;1;;
digital musicology;ACDH-CH website, dha website;2;;
early modern studies;ACDH-CH website;1;;
elexicography;ACDH-CH website;1;;
exploration space;ACDH-CH website;1;;
for interns;ACDH-CH website;1;;
georeferenced data;ACDH-CH website;1;;
historical language;ACDH-CH website, dha taxonomy;2;;
history;ACDH-CH website, dha website, gams, SSHOC, Zotero (KONDE);5;;
history of musicology;ACDH-CH website;1;;
history of scholarship;ACDH-CH website;1;;
iconography of music;ACDH-CH website;1;;
language resources;ACDH-CH website, SSHOC;2;;
language variation;ACDH-CH website, ARCHE, dha website, SSHOC;4;;
linguistics;ACDH-CH website, dha taxonomy, dha website, ACDH-CH HowTo, SSHOC;5;;
linked open data;ACDH-CH website, ARCHE, dha website, ACDH-CH HowTo, SSHOC, TaDiRAH;6;;
literary studies;ACDH-CH website, dha taxonomy, dha website;3;;
liturgy;ACDH-CH website, gams;2;;
longterm projects;ACDH-CH website;1;;
media studies;ACDH-CH website, dha taxonomy, dha website;3;;
medieval studies;ACDH-CH website, dha website, gams;3;;
mei;ACDH-CH website, dha website, SSHOC;3;;
metadata;ACDH-CH website, DARIAH Campus, dha taxonomy, dha website, SSHOC, Zotero (KONDE);6;;
morphology;ACDH-CH website, dha taxonomy, dha website, SSHOC;4;;
music philology;ACDH-CH website;1;;
music theatre;ACDH-CH website;1;;
musical sources;ACDH-CH website;1;;
open innovation;ACDH-CH website, dha website;2;;
open science;ACDH-CH website, DARIAH Campus, dha website, SSHOC;4;;
paleography;ACDH-CH website, gams;2;;
projects;ACDH-CH website;1;;
prosopography;ACDH-CH website, dha website, gams, SSHOC;4;;
research infrastructures;ACDH-CH website, DARIAH Campus;2;;
semantic technologies;ACDH-CH website, ARCHE, dha website;3;;
semantic web;ACDH-CH website, DARIAH Campus, dha taxonomy, dha website, ACDH-CH HowTo, Zotero (KONDE);6;;
skos;ACDH-CH website, DARIAH Campus, dha taxonomy, dha website, ACDH-CH HowTo;5;;
sociolinguistics;ACDH-CH website, dha website, SSHOC;3;;
tei;ACDH-CH website, ARCHE, DARIAH Campus, dha taxonomy, dha website, ACDH-CH HowTo, SSHOC, Zotero (KONDE);8;;
terminology;ACDH-CH website, dha taxonomy;2;;
text technology;ACDH-CH website;1;;
training materials;ACDH-CH website;1;;
visual culture;ACDH-CH website;1;;
visualization;ACDH-CH website, dha taxonomy, dha website, Zotero (KONDE);4;;
vocabularies;ACDH-CH website;1;;
writings on music;ACDH-CH website;1;;
fernerkundung;ARCHE;1;;
pottery documentation.;ARCHE;1;;
virtuelle rekonstruktion;ARCHE, dha website;2;;
x-ray;ARCHE;1;;
pottery documentation, inked drawings;ARCHE;1;;
sediment analysis;ARCHE;1;;
structure from motion (sfm);ARCHE;1;;
geomorphological survey;ARCHE;1;;
archaeological excavation, pottery documentation, photography.;ARCHE;1;;
photogrammetrie;ARCHE;1;;
vermessung;ARCHE;1;;
karten;ARCHE, gams;2;zu allgemein/nicht aussagekräftig;
photography;ARCHE;1;;
laser scanning;ARCHE;1;;
3d-modellierung;ARCHE;1;;
ct-scans;ARCHE;1;;
bauaufnahme;ARCHE;1;;
remote sensing;ARCHE;1;;
airborne laserscan;ARCHE;1;;
georadar;ARCHE;1;;
terrestrisches laserscanning (tls);ARCHE;1;;
geological survey;ARCHE;1;;
3d-dokumentation;ARCHE;1;;
survey;ARCHE, SSHOC;2;;
borehole sampling;ARCHE;1;;
tokenization;ARCHE;1;;
3d scanning;ARCHE;1;;
satellitenbild;ARCHE;1;;
geophysik;ARCHE;1;;
luftbild;ARCHE;1;;
lemmatization;ARCHE;1;;https://vocabs.dariah.eu/tadirah/lemmatizing
part of speech tagging;ARCHE;1;;
xml/tei (p5);ARCHE;1;;
image creation (scanning, photography);ARCHE;1;;
textual annotation;ARCHE;1;;
part-of-speech-tagging;ARCHE, TaDiRAH;2;;
topographical survey;ARCHE;1;;
xml/tei structural and semantic annotation;ARCHE;1;;
voice, the vienna-oxford international corpus of english, is a one-million-word corpus of naturally-occurring, non-scripted, face-to-face interactions carried out using english as a lingua franca (elf), i.e. english used as a common means of communication among speakers from different first-language backgrounds. the interactions recorded and transcribed are complete speech events from different domains (educational, leisure, professional) and represent different speech event types (conversation, interview, meeting, panel, press conference, question-answer session, seminar discussion, service encounter, working group discussion, workshop discussion).;ARCHE;1;;
petrographic analysis.;ARCHE;1;;
data management, data curation;ARCHE;1;;
ocr, xml/tei structural and semantic annotation;ARCHE;1;;
xml/tei (p5) encoding;ARCHE;1;;
photography in public;ARCHE;1;;
oberflächensurvey;ARCHE;1;;
archäometrie;ARCHE;1;;
terrestrischer laserscan;ARCHE;1;;
structure from motion;ARCHE;1;;
archaeological excavation, pottery documentation, photography;ARCHE;1;;
index file creation;ARCHE;1;;
surface survey;ARCHE;1;;
skos data modelling;ARCHE;1;;
scanning;ARCHE, TaDiRAH;2;;
geomagnetik;ARCHE;1;;
ocr;ARCHE, dha website, SSHOC, TaDiRAH, Zotero (KONDE);5;;
archaeological excavation;ARCHE;1;;
photography.;ARCHE;1;;
skos simple knowledge organization system;ARCHE;1;;
tei schema customization;ARCHE;1;;
3d data;ARCHE;1;;
audio visual;ARCHE;1;;
collection;ARCHE, gams;2;;
computational notebook;ARCHE;1;;
controlled vocabulary;ARCHE, ACDH-CH HowTo;2;;
corpus;ARCHE, dha taxonomy, dha website, ACDH-CH HowTo, SSHOC;5;;
dataset;ARCHE;1;;
geojson dataset;ARCHE;1;;
georeferenced image;ARCHE;1;;
grammar;ARCHE;1;;
image;ARCHE, dha taxonomy, SSHOC;3;;
interactive resource;ARCHE;1;;
lexical resource;ARCHE, dha taxonomy, dha website;3;;
model;ARCHE;1;;
physical object;ARCHE;1;;
recording session;ARCHE;1;;
service;ARCHE;1;;
software;ARCHE, SSHOC;2;;
sound;ARCHE;1;;
speech;ARCHE, SSHOC;2;;
tabular dataset;ARCHE;1;;
workflow;ARCHE;1;;
xml/tei;ARCHE;1;;
postkarte;ARCHE;1;;
militarismus;ARCHE;1;Disziplin;
spelling conventions;ARCHE;1;;
durchschlag mit handschriftlicher mitteilung;ARCHE;1;;"""Ähnlichkeit mit """"Durchschlag mit handschriftlichen Überarbeitungen"""""""
material culture;ARCHE, dha website;2;;
archaeological sites;ARCHE;1;;
grabungstagebuch;ARCHE;1;;
fundbearbeitung;ARCHE;1;;
deutschösterr. regierung;ARCHE;1;;
d.j.klb;ARCHE;1;zu speziell/nicht wiederverwendbar;
e.f.gel;ARCHE;1;zu speziell/nicht wiederverwendbar;
question-answer session;ARCHE;1;;
d.j.rek;ARCHE;1;zu speziell/nicht wiederverwendbar;
einspruch;ARCHE;1;;
research event;ARCHE;1;;
d.k.aas;ARCHE;1;zu speziell/nicht wiederverwendbar;
zeugenaussage;ARCHE;1;;
t.f.aus;ARCHE;1;zu speziell/nicht wiederverwendbar;
klage wegen forderung;ARCHE;1;;
brief;ARCHE;1;;
zeitungsartikel;ARCHE;1;;
grand principality;ARCHE;1;;
mörtelproben;ARCHE;1;;
mitteilung;ARCHE;1;;
r.f.pre;ARCHE;1;zu speziell/nicht wiederverwendbar;
t.f.una;ARCHE;1;zu speziell/nicht wiederverwendbar;
mitschriften;ARCHE;1;;"""Ähnlichkeit mit """"Mitschrift"""""""
d.k.brf;ARCHE;1;zu speziell/nicht wiederverwendbar;
intertextualität;ARCHE;1;;
commissary district;ARCHE;1;;
d.j.brf;ARCHE;1;zu speziell/nicht wiederverwendbar;
t.f.ver;ARCHE;1;zu speziell/nicht wiederverwendbar;
d.j.bit;ARCHE;1;zu speziell/nicht wiederverwendbar;
persönlichkeitsrechtsverletzung;ARCHE;1;;
t.f.fza;ARCHE;1;zu speziell/nicht wiederverwendbar;
bibliography;ARCHE, dha website, SSHOC;3;;"""Übersetzung von """"Bibliographie"""""""
verletzung des rechts am eigenen bild;ARCHE;1;;
originalmappe;ARCHE;1;;
none;ARCHE;1;;
d.j.pkl;ARCHE;1;zu speziell/nicht wiederverwendbar;
d.j.dos;ARCHE;1;zu speziell/nicht wiederverwendbar;
transcription conventions;ARCHE;1;;
personalkommission;ARCHE;1;;
digitization;ARCHE, SSHOC;2;;
literarischer text;ARCHE;1;;
k.k.the;ARCHE;1;zu speziell/nicht wiederverwendbar;
privater buchbesitz;ARCHE;1;;
e.f.sue;ARCHE;1;zu speziell/nicht wiederverwendbar;
berufungsanmeldung;ARCHE;1;;
vollmacht;ARCHE;1;;
zahlungsauftrag;ARCHE;1;;
protokoll;ARCHE;1;;
d.j.leu;ARCHE;1;zu speziell/nicht wiederverwendbar;
professional business;ARCHE;1;;
d.j.anw;ARCHE;1;zu speziell/nicht wiederverwendbar;
mitbestimmung;ARCHE;1;;
t.f.unb;ARCHE;1;zu speziell/nicht wiederverwendbar;
multilingualism;ARCHE;1;;
lexical resources;ARCHE;1;;
d.j.vrz;ARCHE;1;zu speziell/nicht wiederverwendbar;
d.j.inf;ARCHE;1;zu speziell/nicht wiederverwendbar;
berichtigung;ARCHE;1;;
d.k.ags;ARCHE;1;zu speziell/nicht wiederverwendbar;
seminar discussion;ARCHE;1;;
d.j.exb;ARCHE;1;zu speziell/nicht wiederverwendbar;
typoskript mit handschriftlicher mitteilung;ARCHE;1;;"""Ähnlichkeit mit """"Typoskript mit handschriftlichen Überarbeitungen"""""""
anweisung;ARCHE;1;;
empire;ARCHE;1;;
berichtigung (ausgang);ARCHE;1;;
d.j.not;ARCHE;1;zu speziell/nicht wiederverwendbar;
professional organizational meeting;ARCHE;1;;
leisure interview;ARCHE;1;;
disziplinaranzeige;ARCHE;1;;
druck mit handschriftlichen annotationen;ARCHE;1;;"""Ähnlichkeit mit """"Druck mit handschriftlichen Annotationen"""""""
kingdom;ARCHE;1;;
archaeological database;ARCHE;1;;
tonaufnahmen;ARCHE;1;;
d.k.tgr;ARCHE;1;zu speziell/nicht wiederverwendbar;
kongress von aachen;ARCHE;1;;
sühne;ARCHE;1;;
pamphlet;ARCHE;1;;
nachricht;ARCHE;1;;
d.j.zvp;ARCHE;1;zu speziell/nicht wiederverwendbar;
marie turnowsky;ARCHE;1;Eigenname;
xml;ARCHE, DARIAH Campus, dha taxonomy, ACDH-CH HowTo, SSHOC, Zotero (KONDE);6;;https://vocabs.acdh.oeaw.ac.at/archecategory/text/tei
leisure;ARCHE;1;;
d.j.gut;ARCHE;1;zu speziell/nicht wiederverwendbar;
beamtenrat;ARCHE;1;;
karl baedeker;ARCHE;1;Eigenname;
imperial free city;ARCHE;1;;
congress of verona;ARCHE;1;;
language choice;ARCHE;1;;
journalistic prose;ARCHE;1;;
bundespolizeidirektion;ARCHE;1;;
d.j.exa;ARCHE;1;zu speziell/nicht wiederverwendbar;
kostenbestimmungsbeschluss;ARCHE;1;;
auflösung des vertrags;ARCHE;1;;
disziplinarrecht;ARCHE;1;Disziplin;
d.j.azg;ARCHE;1;zu speziell/nicht wiederverwendbar;
fundfotos;ARCHE;1;;
d.j.bwa;ARCHE;1;zu speziell/nicht wiederverwendbar;
konterrevolution;ARCHE;1;;
d.p;ARCHE;1;zu speziell/nicht wiederverwendbar;
bestechung;ARCHE;1;;
e.f.for;ARCHE;1;zu speziell/nicht wiederverwendbar;
erklärung (jur.);ARCHE;1;;
typoskript;ARCHE;1;;
district;ARCHE;1;;
die stunde, békessy;ARCHE;1;;
äußerung;ARCHE;1;;
educational;ARCHE;1;;
schadensersatz;ARCHE;1;;
richard lányi;ARCHE;1;Eigenname;
inscriptions;ARCHE, gams;2;;
betriebsrat;ARCHE;1;;
e.f.aee;ARCHE;1;zu speziell/nicht wiederverwendbar;
congress files;ARCHE;1;;
s.f.ker;ARCHE;1;zu speziell/nicht wiederverwendbar;
free city;ARCHE;1;;
verhaftung;ARCHE;1;;
beschlagnahme aufgehoben;ARCHE;1;;
neolithic pottery;ARCHE;1;;
bevollmächtiger;ARCHE;1;;
gutachten;ARCHE;1;;
beweisantrag;ARCHE;1;;
military frontier;ARCHE;1;;
landgraviate;ARCHE;1;;
r.f.son;ARCHE;1;zu speziell/nicht wiederverwendbar;
d.j.tst;ARCHE;1;zu speziell/nicht wiederverwendbar;
ansuchen;ARCHE;1;;
graf leo thun-hohenstein ;ARCHE;1;;
preßrechtsverstoß;ARCHE;1;;
d.j.ksb;ARCHE;1;zu speziell/nicht wiederverwendbar;
nachkriegskrise;ARCHE;1;;
electorate;ARCHE;1;;
indiskretion;ARCHE;1;;
briefausgabe;ARCHE;1;;
privatanklage;ARCHE;1;;
educational service encounter;ARCHE;1;;
forderung bezahlt;ARCHE;1;;
typoskript mit handschirftlichen überarbeitungen;ARCHE;1;;"""Ähnlichkeit mit """"Typoskript mit handschriftlichen Überarbeitungen"""""""
inscription;ARCHE, dha website;2;;
strafantrag;ARCHE;1;;
rockshelter;ARCHE;1;;
aufstellung;ARCHE;1;;
entschuldigung;ARCHE;1;;
auftrag;ARCHE;1;;
mappe, m.s.map ;ARCHE;1;;
c.s.pri;ARCHE;1;zu speziell/nicht wiederverwendbar;
gis;ARCHE, dha taxonomy, dha website;3;;
gesandtenkonferenz;ARCHE;1;;
archduchy;ARCHE;1;;
t.f.bel;ARCHE;1;zu speziell/nicht wiederverwendbar;
d.l.abs;ARCHE;1;zu speziell/nicht wiederverwendbar;
e.f.rue;ARCHE;1;zu speziell/nicht wiederverwendbar;
abweisung;ARCHE;1;;
d.j.zas;ARCHE;1;zu speziell/nicht wiederverwendbar;
d.j.rng;ARCHE;1;zu speziell/nicht wiederverwendbar;
d.j.lad;ARCHE;1;zu speziell/nicht wiederverwendbar;
memorandum;ARCHE;1;;
zwischenstaatliche vereinbarung;ARCHE;1;;
zeitun;ARCHE;1;;Typo
d.s.lsz;ARCHE;1;zu speziell/nicht wiederverwendbar;
publizistisches dokument;ARCHE;1;;
d.j.akn;ARCHE;1;zu speziell/nicht wiederverwendbar;
versteigerung;ARCHE;1;;
opferbereitschaft;ARCHE;1;;
marken-/namensrechtsverletzung;ARCHE;1;;
s.f.mar;ARCHE;1;zu speziell/nicht wiederverwendbar;
änderung;ARCHE;1;;
military district;ARCHE;1;;
holy roman empire;ARCHE;1;;
d.j.era;ARCHE;1;zu speziell/nicht wiederverwendbar;
urheberrechtsverletzung (bel.);ARCHE;1;;
aufforderung;ARCHE;1;;
verlagswesen;ARCHE;1;;
aufgabeabschnitt;ARCHE;1;;
ehrenkränkung;ARCHE;1;;
pensionierung;ARCHE;1;;
landeskommissariat;ARCHE;1;;
druck mit handschriftliche annotationen/notate/notizen;ARCHE;1;;
d.j.abh;ARCHE;1;zu speziell/nicht wiederverwendbar;
professional research/science question-answer session;ARCHE;1;;
ehrenerklärung;ARCHE;1;;
abfertigung;ARCHE;1;;
außergerichtliche erledigung;ARCHE;1;;
pauperisierung;ARCHE;1;;
e.f.zrw;ARCHE;1;zu speziell/nicht wiederverwendbar;
jude;ARCHE;1;;
great powers;ARCHE;1;;
radiogramm;ARCHE;1;;
k.k.sch;ARCHE;1;zu speziell/nicht wiederverwendbar;
stefan padajaunig;ARCHE;1;Eigenname;
d.j.afs;ARCHE;1;zu speziell/nicht wiederverwendbar;
oskar samek;ARCHE;1;Eigenname;
verrechnung;ARCHE;1;;
telegramm;ARCHE;1;;
geschichte des lesens;ARCHE;1;Disziplin;
d.j.baf;ARCHE;1;zu speziell/nicht wiederverwendbar;
bildungsreform;ARCHE;1;;
working group discussion;ARCHE;1;;"""Ähnlichkeit mit """"seminar discussion"""""""
e.f.gbu;ARCHE;1;zu speziell/nicht wiederverwendbar;
settlement;ARCHE;1;;
vergeltung;ARCHE;1;;
congress of troppau;ARCHE;1;;
edition;ARCHE, dha website;2;;
grundbuch;ARCHE;1;;
systemisierung;ARCHE;1;;
periodo;ARCHE;1;;
digitisation;ARCHE, dha taxonomy, dha website;3;;
professional research and science;ARCHE;1;;
gewerkschaft;ARCHE;1;;
vorrückung;ARCHE;1;;
anklage;ARCHE;1;;
berufungsbescheid;ARCHE;1;;
liste (korr.);ARCHE;1;;
keramik;ARCHE;1;;
umsiedlung;ARCHE;1;;
gremium;ARCHE;1;;
sonstiger materialitätstyp;ARCHE;1;;
professional organizational workshop discussion;ARCHE;1;;
zahlungsverpflichtung;ARCHE;1;;
verfügung;ARCHE;1;;
e.f.ver;ARCHE;1;zu speziell/nicht wiederverwendbar;
d.k.ums;ARCHE;1;zu speziell/nicht wiederverwendbar;
d.j.zat;ARCHE;1;zu speziell/nicht wiederverwendbar;
european concert of powers;ARCHE;1;;
aerial warfare;ARCHE;1;;
professional business panel;ARCHE;1;;
beleg (jur.);ARCHE;1;;
botany;ARCHE;1;;
cave;ARCHE;1;;
hüyücektepe;ARCHE;1;Ort;
strafregisterauszug;ARCHE;1;;
lesezeichen;ARCHE;1;;
d.j.vrn;ARCHE;1;zu speziell/nicht wiederverwendbar;
pressedelikt;ARCHE;1;;
e.f.zur;ARCHE;1;zu speziell/nicht wiederverwendbar;
profilzeichnungen;ARCHE;1;;
t.f.sch;ARCHE;1;zu speziell/nicht wiederverwendbar;
d.j.abl;ARCHE;1;zu speziell/nicht wiederverwendbar;
imperial circle;ARCHE;1;;
medieval prosopography;ARCHE;1;Disziplin;
personalvertretung;ARCHE;1;;
graf leo thun-hohenstein;ARCHE;1;Eigenname;"""Ähnlichkeit mit """"Graf Leo Thun-Hohenstein"""""""
k.k.lit;ARCHE;1;zu speziell/nicht wiederverwendbar;
antrag;ARCHE;1;;
d.j.aug;ARCHE;1;zu speziell/nicht wiederverwendbar;
d.j.ein;ARCHE;1;zu speziell/nicht wiederverwendbar;
t.f.urv;ARCHE;1;zu speziell/nicht wiederverwendbar;
urheberrechtsverletzung;ARCHE;1;;
repression;ARCHE;1;;
beleidigung;ARCHE;1;;
nicht verfolgt;ARCHE;1;;
unknown adm;ARCHE;1;zu allgemein/nicht aussagekräftig;
group designations;ARCHE;1;;
e.f.aeb;ARCHE;1;zu speziell/nicht wiederverwendbar;
c.p.ver;ARCHE;1;zu speziell/nicht wiederverwendbar;
d.j.vrg;ARCHE;1;zu speziell/nicht wiederverwendbar;
press conference;ARCHE;1;;
educational seminar discussion;ARCHE;1;;
principality;ARCHE;1;;
tagebuch;ARCHE;1;;
e.f.vse;ARCHE;1;zu speziell/nicht wiederverwendbar;
kronos-verlag;ARCHE;1;;
d.l.pmp;ARCHE;1;zu speziell/nicht wiederverwendbar;
congress of aix-la-chapelle;ARCHE;1;;
phonogrammarchiv;ARCHE;1;;
kongressakten;ARCHE;1;;
vertragsverletzung;ARCHE;1;;
verwaltungsrechtssache;ARCHE;1;;
selbstverwaltung;ARCHE;1;;
mächtekongress;ARCHE;1;;
d.j.aku;ARCHE;1;zu speziell/nicht wiederverwendbar;
r.f.ver;ARCHE;1;zu speziell/nicht wiederverwendbar;
kündigung;ARCHE;1;;
grand duchy;ARCHE;1;;
gpr;ARCHE;1;;
e.f.abw;ARCHE;1;zu speziell/nicht wiederverwendbar;
k.k.fac;ARCHE;1;zu speziell/nicht wiederverwendbar;
history of diplomacy;ARCHE;1;Disziplin;"""Übersetzung von """"Diplomatiegeschichte"""""""
d.j.stz;ARCHE;1;zu speziell/nicht wiederverwendbar;
forschungsgeschichte;ARCHE;1;Disziplin;
district captaincy;ARCHE;1;;
k.p.nat;ARCHE;1;;
anfrage;ARCHE;1;;
entente;ARCHE;1;;
t.f.pre;ARCHE;1;zu speziell/nicht wiederverwendbar;
e.f.vau;ARCHE;1;zu speziell/nicht wiederverwendbar;
typoskript mit handschriftlichen überarbeitungen;ARCHE;1;;"""Ähnlichkeit mit """"Typoskript mit handschriftlichen Überarbeitungen"""""""
d.j.enw;ARCHE;1;zu speziell/nicht wiederverwendbar;
gedächtnisprotokoll;ARCHE;1;;
d.j.ubr;ARCHE;1;zu speziell/nicht wiederverwendbar;
province;ARCHE;1;;
großdeutsche volkspartei;ARCHE;1;;
viennese dialectological school;ARCHE;1;;
e.f.erk;ARCHE;1;zu speziell/nicht wiederverwendbar;
professional research/science working group discussion;ARCHE;1;;
abhandlung;ARCHE;1;;
geschichte;ARCHE, gams;2;Disziplin;
s.f.ric;ARCHE;1;zu speziell/nicht wiederverwendbar;
kostenaufstellung;ARCHE;1;;
föderalismus;ARCHE;1;;
anklageschrift;ARCHE;1;;
protectorate;ARCHE;1;;
d.k.pkt;ARCHE;1;zu speziell/nicht wiederverwendbar;
karl kraus;ARCHE;1;Eigenname;
t.f.euv;ARCHE;1;zu speziell/nicht wiederverwendbar;
druck mit handschriftlichen überarbeitungen;ARCHE;1;;"""Ähnlichkeit mit """"Druck mit handschriftlichen Annotationen"""""""
unautorisierte aufführung;ARCHE;1;;
d.s.fot;ARCHE;1;zu speziell/nicht wiederverwendbar;
d.k.paw;ARCHE;1;zu speziell/nicht wiederverwendbar;
revisionsschrift;ARCHE;1;;
d.j.kfs;ARCHE;1;zu speziell/nicht wiederverwendbar;
aufruf;ARCHE;1;;
republic;ARCHE;1;;
conversation;ARCHE;1;;
bronze age sites;ARCHE;1;;
leisure conversation;ARCHE;1;;
tei-schema;ARCHE;1;;
disziplinarausschuss;ARCHE;1;;
bundesländer;ARCHE;1;;
interview;ARCHE;1;;
congress of laibach;ARCHE;1;;
freispruch;ARCHE;1;;
chalcholithic sites;ARCHE;1;;
language mapping;ARCHE;1;;
d.j.rvs;ARCHE;1;zu speziell/nicht wiederverwendbar;
d.j.afd;ARCHE;1;zu speziell/nicht wiederverwendbar;
d.j.vrs;ARCHE;1;zu speziell/nicht wiederverwendbar;
zivilrecht;ARCHE;1;Disziplin;
d.j.bsd;ARCHE;1;zu speziell/nicht wiederverwendbar;
verwaltung;ARCHE;1;;
d.j.dkb;ARCHE;1;zu speziell/nicht wiederverwendbar;
d.j.sat;ARCHE;1;zu speziell/nicht wiederverwendbar;
educational workshop discussion;ARCHE;1;;
staatsangestelltenkammer;ARCHE;1;;
tschechoslowak. staatsdienst;ARCHE;1;;
ungleichbehandlung;ARCHE;1;;
landgericht;ARCHE;1;;
d.j.brs;ARCHE;1;zu speziell/nicht wiederverwendbar;
auszug;ARCHE;1;;
d.j.kbs;ARCHE;1;zu speziell/nicht wiederverwendbar;
lagervorstadt;ARCHE;1;;
princely county;ARCHE;1;;
schweiz;ARCHE;1;Ort;
exekutionsausweis;ARCHE;1;;
city district;ARCHE;1;;
anklage-kundmachung;ARCHE;1;;
d.j.vlb;ARCHE;1;zu speziell/nicht wiederverwendbar;
k.k.stu;ARCHE;1;zu speziell/nicht wiederverwendbar;
d.j.ksz;ARCHE;1;zu speziell/nicht wiederverwendbar;
legionslager;ARCHE;1;;
d.j.sra;ARCHE;1;zu speziell/nicht wiederverwendbar;
cidoc crm;ARCHE, dha taxonomy, dha website, SSHOC;4;;
d.j.stg;ARCHE;1;zu speziell/nicht wiederverwendbar;
c.k.kor;ARCHE;1;zu speziell/nicht wiederverwendbar;
literaturwissenschaft;ARCHE;1;Disziplin;
d.j.bst;ARCHE;1;zu speziell/nicht wiederverwendbar;
lothar rübelt;ARCHE;1;Eigenname;
schema;ARCHE;1;zu allgemein/nicht aussagekräftig;
personalpolitik;ARCHE;1;;
professional research/science conversation;ARCHE;1;;
information;ARCHE;1;;
d.j.aub;ARCHE;1;zu speziell/nicht wiederverwendbar;
lebensumstände;ARCHE;1;zu allgemein/nicht aussagekräftig;
politische organisierung;ARCHE;1;;
professional organizational press conference;ARCHE;1;;"""Ähnlichkeit mit """"press conference"""""""
c.z.uns;ARCHE;1;zu speziell/nicht wiederverwendbar;
expensen-note;ARCHE;1;;
professional business service encounter;ARCHE;1;;
d.j.sfe;ARCHE;1;zu speziell/nicht wiederverwendbar;
verleumdung;ARCHE;1;;
verwaltungsrecht;ARCHE;1;Disziplin;
meeting;ARCHE, dha website;2;;
d.j.ver;ARCHE;1;zu speziell/nicht wiederverwendbar;
politische verhältnisse;ARCHE;1;;
tei schema;ARCHE;1;;
verzeichnis;ARCHE;1;;
d.k.lis;ARCHE;1;zu speziell/nicht wiederverwendbar;
manuskript mit handschriftlichen annotationen;ARCHE;1;;"""Ähnlichkeit mit """"Manuskript mit handschriftlichen Annotationen"""""""
eingestellt;ARCHE;1;;
vertrag;ARCHE;1;;
anweisun;ARCHE;1;;Typo
congress of vienna;ARCHE;1;;"""Ähnlichkeit mit """"Wiener Kongress"""""""
berliner tageblatt, kerr, wolff;ARCHE;1;;
d.j.anz;ARCHE;1;zu speziell/nicht wiederverwendbar;
s.f.sam;ARCHE;1;zu speziell/nicht wiederverwendbar;
konzept (jur.);ARCHE;1;;
stadtgericht;ARCHE;1;;
zensur;ARCHE;1;;
beschluss;ARCHE;1;;
rekurs;ARCHE;1;;
d.j.ben;ARCHE;1;zu speziell/nicht wiederverwendbar;
linguistic landscape;ARCHE;1;;
county (administrative unit);ARCHE;1;;"""Ähnlichkeit mit """"County"""""""
concert of europe;ARCHE;1;;
governmental district;ARCHE;1;;
originalumschlag;ARCHE;1;;
mächtekonzert;ARCHE;1;;
versammlung;ARCHE;1;;
nationalität;ARCHE;1;;
interculturality;ARCHE;1;;
sozialdemokratie;ARCHE;1;;
kostenfestsetzung;ARCHE;1;;
d.j.bwn;ARCHE;1;zu speziell/nicht wiederverwendbar;
t.f.vbr;ARCHE;1;zu speziell/nicht wiederverwendbar;
staatsbedienstetenorganisationen;ARCHE;1;;
entwurf;ARCHE;1;;
die fackel;ARCHE;1;;
quarry;ARCHE;1;;
3d models;ARCHE;1;;
plakat;ARCHE;1;;
d.j.ege;ARCHE;1;zu speziell/nicht wiederverwendbar;
ausgang unklar;ARCHE;1;;
gesteinsproben;ARCHE;1;;
workshop discussion;ARCHE;1;;"""Ähnlichkeit mit """"seminar discussion"""""""
literarisches werk;ARCHE;1;;
d.k.rad;ARCHE;1;zu speziell/nicht wiederverwendbar;
korrespondenz;ARCHE;1;;
schober, 15. juli 1927;ARCHE;1;;
klagrückziehung;ARCHE;1;;
suburb;ARCHE;1;;
canabae;ARCHE;1;;
t.f.dro;ARCHE;1;zu speziell/nicht wiederverwendbar;
s.f.fri;ARCHE;1;zu speziell/nicht wiederverwendbar;
staatsbediensteten-kommission;ARCHE;1;;
ausbleiben der rückzahlung;ARCHE;1;;
t.f.gdr;ARCHE;1;zu speziell/nicht wiederverwendbar;
crown colony;ARCHE;1;;
d.s.pgh;ARCHE;1;zu speziell/nicht wiederverwendbar;
unstreitige zivilrechtssache;ARCHE;1;;
typoskript mit handschriftlichen änderungen;ARCHE;1;;"""Ähnlichkeit mit """"Typoskript mit handschriftlichen Überarbeitungen"""""""
kommissionsbezirk der provinzstadt;ARCHE;1;;
schuldrecht;ARCHE;1;Disziplin;
d.j.map;ARCHE;1;zu speziell/nicht wiederverwendbar;
middle ages;ARCHE, dha website, gams;3;Periode/Phase;
s.f.bpd;ARCHE;1;zu speziell/nicht wiederverwendbar;
mitschrift;ARCHE;1;;
spelling;ARCHE, SSHOC;2;;
d.j.lis;ARCHE;1;zu speziell/nicht wiederverwendbar;
beamtenorganisation;ARCHE;1;;
mark-up;ARCHE;1;;
bekanntgabe;ARCHE;1;;
scheitern der exekution;ARCHE;1;;
d.j.gts;ARCHE;1;zu speziell/nicht wiederverwendbar;
verlassenschaftsabhandlung;ARCHE;1;;
educational interview;ARCHE;1;;
margraviate;ARCHE;1;;
word tokenization;ARCHE;1;;
c.z.str;ARCHE;1;zu speziell/nicht wiederverwendbar;
manual;ARCHE;1;zu allgemein/nicht aussagekräftig;
vertragsbruch;ARCHE;1;;
bundesverfassung;ARCHE;1;;
d.j.urt;ARCHE;1;Disziplin;
magnetik;ARCHE;1;;
e.f.hon;ARCHE;1;zu speziell/nicht wiederverwendbar;
e.f.auf;ARCHE;1;zu speziell/nicht wiederverwendbar;
demokratisierung;ARCHE;1;;
d.j.zst;ARCHE;1;zu speziell/nicht wiederverwendbar;
tagebücher;ARCHE, gams;2;;
zwischenstaatliche verhandlung;ARCHE;1;;
unbefugte kolportage;ARCHE;1;;
d.j.rva;ARCHE;1;zu speziell/nicht wiederverwendbar;
d.j.ubw;ARCHE;1;zu speziell/nicht wiederverwendbar;
politische maßregelung;ARCHE;1;;
straferkenntnis;ARCHE;1;;
d.j.sva;ARCHE;1;zu speziell/nicht wiederverwendbar;
d.k.rks;ARCHE;1;zu speziell/nicht wiederverwendbar;
ruhestand;ARCHE;1;;
streitige zivilrechtssache;ARCHE;1;;
cemetery;ARCHE;1;;
versetzung außerhalb wiens;ARCHE;1;;
aktenvermerk;ARCHE;1;;
amtsfreie stadt;ARCHE;1;;
d.l;ARCHE;1;zu speziell/nicht wiederverwendbar;
erhaltsbestätigung;ARCHE;1;;
politische parteien;ARCHE;1;;
neolithic greece and anatolia;ARCHE;1;;
versicherung;ARCHE;1;;
internationales postrecht;ARCHE;1;Disziplin;
e.f.fre;ARCHE;1;zu speziell/nicht wiederverwendbar;
capacity;ARCHE;1;;
pottery studies;ARCHE;1;Disziplin;
t.f.mnr;ARCHE;1;zu speziell/nicht wiederverwendbar;
s.f.lie;ARCHE;1;zu speziell/nicht wiederverwendbar;
t.f.nac;ARCHE;1;zu speziell/nicht wiederverwendbar;
artefact;ARCHE;1;;
gedicht;ARCHE;1;;
grave;ARCHE;1;;
einigung;ARCHE;1;;
papal state;ARCHE;1;Ort;
monarchenkongresse;ARCHE;1;;
e.f.aei;ARCHE;1;zu speziell/nicht wiederverwendbar;
postanweisung;ARCHE;1;;
post-colonial;ARCHE;1;;
confederation;ARCHE;1;;
congress system;ARCHE;1;;
darlehen zurückbezahlt;ARCHE;1;;
lohnforderung;ARCHE;1;;
transcription;ARCHE, dha website, gams, Zotero (KONDE);4;;
deckblatt;ARCHE;1;;
kreis;ARCHE;1;;
site and monument;ARCHE;1;;
durchschlag;ARCHE;1;;
data model;ARCHE;1;;
d.j.bsw;ARCHE;1;zu speziell/nicht wiederverwendbar;
t.f.ruf;ARCHE;1;zu speziell/nicht wiederverwendbar;
gericht;ARCHE;1;;
data integration;ARCHE;1;;
zeitung;ARCHE;1;;
selbstbestimmungsrecht;ARCHE;1;;
seat;ARCHE;1;;
abschrift (lit.);ARCHE;1;;
r.f.pri;ARCHE;1;zu speziell/nicht wiederverwendbar;
typoskript mit handschriftlichen mittelung;ARCHE;1;;
d.j.vrf;ARCHE;1;zu speziell/nicht wiederverwendbar;
berichtigung (jur.);ARCHE;1;;
e.f.dar;ARCHE;1;zu speziell/nicht wiederverwendbar;
fotografie (mat.);ARCHE;1;Disziplin;
small finds;ARCHE;1;;
d.j.aks;ARCHE;1;zu speziell/nicht wiederverwendbar;
fortbildung;ARCHE;1;;
data sharing;ARCHE;1;;
benachrichtigung;ARCHE;1;;
lohnverhandlung;ARCHE;1;;
vernehmung;ARCHE;1;;
schloss;ARCHE;1;zu allgemein/nicht aussagekräftig;
s.f.pad;ARCHE;1;zu speziell/nicht wiederverwendbar;
medieval austria;ARCHE;1;;
d.j.vol;ARCHE;1;zu speziell/nicht wiederverwendbar;
typoskript mit sonstigen schreibspuren;ARCHE;1;;"""Ähnlichkeit mit """"Typoskript mit sonstigen Schreibspuren"""""""
bestätigung;ARCHE;1;;
historical travel guides;ARCHE;1;;
d.j.exn;ARCHE;1;zu speziell/nicht wiederverwendbar;
luftkrieg;ARCHE;1;;"""Ähnlichkeit mit """"aerial warfare"""""""
d.j.zun;ARCHE;1;zu speziell/nicht wiederverwendbar;
d.k.nch;ARCHE;1;zu speziell/nicht wiederverwendbar;
mining captaincy;ARCHE;1;;
leumundsnote;ARCHE;1;;
t.f.bes;ARCHE;1;zu speziell/nicht wiederverwendbar;
arabic linguistics;ARCHE;1;;
bürgerkrieg;ARCHE;1;;
beförderungsdienstfrist;ARCHE;1;;
k.p.soz;ARCHE;1;zu speziell/nicht wiederverwendbar;
dossier;ARCHE;1;;
surveyartefakte;ARCHE;1;;
sights;ARCHE;1;zu allgemein/nicht aussagekräftig;
k.p.chr;ARCHE;1;zu speziell/nicht wiederverwendbar;
typoskript mit handschriftlichen annotationen;ARCHE;1;;"""Ähnlichkeit mit """"Typoskript mit handschriftlichen Annotationen"""""""
t.f.upl;ARCHE;1;zu speziell/nicht wiederverwendbar;
digital edition;ARCHE, dha taxonomy, dha website, gams;4;;
interaction;ARCHE;1;zu allgemein/nicht aussagekräftig;
mark-up conventions;ARCHE;1;;
gemeindewahlrecht;ARCHE;1;;
entwurf (jur.);ARCHE;1;;
d.j.bel;ARCHE;1;zu speziell/nicht wiederverwendbar;
mandat (politisches);ARCHE;1;;
überweisungsbeschluss;ARCHE;1;;
professional research/science panel;ARCHE;1;;
pressrecht;ARCHE;1;;
d.s.plk;ARCHE;1;zu speziell/nicht wiederverwendbar;
historic administrative units;ARCHE;1;;
e.f.bes;ARCHE;1;zu speziell/nicht wiederverwendbar;
professional organizational conversation;ARCHE;1;;
d.j.ban;ARCHE;1;zu speziell/nicht wiederverwendbar;
autonomie;ARCHE;1;;
fotografie;ARCHE;1;;
shape;ARCHE;1;;
zurückziehung der klage;ARCHE;1;;
kongress von troppau;ARCHE;1;;"""Übersetzung von """"Congress of Troppau"""""""
umschlag;ARCHE;1;;
anzeige;ARCHE;1;;
d.j.stz ;ARCHE;1;;
genfer protokolle;ARCHE;1;;
country;ARCHE;1;;
liste (jur.);ARCHE;1;;
t.f.erp;ARCHE;1;zu speziell/nicht wiederverwendbar;
austrian newspapers;ARCHE;1;;
e.f.vgl;ARCHE;1;zu speziell/nicht wiederverwendbar;
durchschlag mit sonstigen schreibspuren;ARCHE;1;;
s.f.kra;ARCHE;1;zu speziell/nicht wiederverwendbar;
beförderung;ARCHE;1;;
versetzung;ARCHE;1;;
siedlungstopographie;ARCHE;1;;
zurückweisung;ARCHE;1;;
revisionsbeantwortung;ARCHE;1;;
hans liebstöckl;ARCHE;1;Eigenname;
kongress von verona;ARCHE;1;;"""Übersetzung von """"Congress of Verona"""""""
klagebeantwortung;ARCHE;1;;
t.f.ehk;ARCHE;1;zu speziell/nicht wiederverwendbar;
professional research/science interview;ARCHE;1;;
notiz;ARCHE;1;;
französische regierung;ARCHE;1;;
koalitionsrecht;ARCHE;1;;
manuskript mit handschriftlicher mitteilung;ARCHE;1;;"""Ähnlichkeit mit """"Manuskript mit handschriftlichen Annotationen"""""""
durchschlag mit handschriftlichen überarbeitungen;ARCHE;1;;"""Ähnlichkeit mit """"Durchschlag mit handschriftlichen Annotationen"""""""
d.j.zeb;ARCHE;1;zu speziell/nicht wiederverwendbar;
imre békessy;ARCHE;1;Eigenname;
austrian press agency;ARCHE;1;;
d.j.akt;ARCHE;1;zu speziell/nicht wiederverwendbar;
neolithic sites;ARCHE;1;;
gefährliche drohung;ARCHE;1;;
educational working group discussion;ARCHE;1;;"""Ähnlichkeit mit """"seminar discussion"""""""
t.f.reb;ARCHE;1;zu speziell/nicht wiederverwendbar;
pottery;ARCHE, dha website;2;;"""Ähnlichkeit mit """"pottery fragments"""""""
quarter;ARCHE;1;;
k.k.ver;ARCHE;1;zu speziell/nicht wiederverwendbar;
second world war;ARCHE;1;Periode/Phase;
ontologie;ARCHE, Zotero (KONDE);2;;
fachprüfung;ARCHE;1;;
d.j.ber;ARCHE;1;zu speziell/nicht wiederverwendbar;
ehrenbeleidigung;ARCHE;1;;
privatanklagedelikt;ARCHE;1;;
d.j.kon;ARCHE;1;zu speziell/nicht wiederverwendbar;
search manual;ARCHE;1;;
austrian magazines;ARCHE;1;;
high-bailiwick;ARCHE;1;;
d.j.ent;ARCHE;1;zu speziell/nicht wiederverwendbar;
d.p.ztg;ARCHE;1;zu speziell/nicht wiederverwendbar;
fotografien;ARCHE;1;;
panel;ARCHE;1;;
pottery fragments;ARCHE;1;;
t.f.per;ARCHE;1;zu speziell/nicht wiederverwendbar;
schriftsatz;ARCHE;1;;
d.j.arf;ARCHE;1;zu speziell/nicht wiederverwendbar;
d.j.mit;ARCHE;1;zu speziell/nicht wiederverwendbar;
geldstrafe;ARCHE;1;;
plagiat;ARCHE;1;;
laufbahn (folgen);ARCHE;1;zu speziell/nicht wiederverwendbar;
d.j.ruk;ARCHE;1;zu speziell/nicht wiederverwendbar;
staatsangestelltenrat;ARCHE;1;;
e.f.nic;ARCHE;1;zu speziell/nicht wiederverwendbar;
condominium;ARCHE;1;;
english as a lingua franca;ARCHE, dha website;2;;
erpressung;ARCHE;1;;
fieldwork archive;ARCHE;1;;
rückschein;ARCHE;1;;
bescheid;ARCHE;1;;
zustellung;ARCHE;1;;
strafanzeige;ARCHE;1;;
t.f.vvl;ARCHE;1;zu speziell/nicht wiederverwendbar;
zwischenkriegszeit;ARCHE;1;Periode/Phase;
e.f.age;ARCHE;1;zu speziell/nicht wiederverwendbar;
tschechoslowakisches militär;ARCHE;1;;
medienwissenschaft;ARCHE;1;Disziplin;
eingabe;ARCHE;1;;
verlautbarung;ARCHE;1;;
d.p.zta;ARCHE;1;zu speziell/nicht wiederverwendbar;
military government;ARCHE;1;;
friedensverhandlungen;ARCHE;1;;
abrechnung;ARCHE;1;;
d.j;ARCHE;1;zu speziell/nicht wiederverwendbar;
written language in public space;ARCHE;1;;
tirol;ARCHE;1;Ort;
protest;ARCHE;1;;
strafverfahrensakt;ARCHE;1;;
zahlungseingangsbestätigung;ARCHE;1;;
e.f.sch;ARCHE;1;zu speziell/nicht wiederverwendbar;
durchschlag mit handschriftlichen annotationen;ARCHE;1;;"""Ähnlichkeit mit """"Durchschlag mit handschriftlichen Annotationen"""""""
d.j.ums;ARCHE;1;zu speziell/nicht wiederverwendbar;
rechtsgeschichte;ARCHE;1;Disziplin;
duchy;ARCHE;1;;
ausbildung;ARCHE;1;;
county;ARCHE;1;;
beschwerde;ARCHE;1;;
thesaurus;ARCHE;1;;
c.s.pre;ARCHE;1;zu speziell/nicht wiederverwendbar;
ladung;ARCHE;1;;
occupied territory;ARCHE;1;;
d.j.bek;ARCHE;1;zu speziell/nicht wiederverwendbar;
d.j.ank;ARCHE;1;zu speziell/nicht wiederverwendbar;
soziale fürsorge;ARCHE;1;;
pfleggericht;ARCHE;1;;
sonstiger rechtsbereich;ARCHE;1;Disziplin;
provincial government;ARCHE;1;;
d.j.beb;ARCHE;1;zu speziell/nicht wiederverwendbar;
liste;ARCHE;1;;
kongress von laibach;ARCHE;1;;"""Übersetzung von """"Congress of Laibach"""""""
professional organizational;ARCHE;1;zu allgemein/nicht aussagekräftig;
d.j.mst;ARCHE;1;zu speziell/nicht wiederverwendbar;
arbeiterrätin;ARCHE;1;;
alfred kerr;ARCHE;1;Eigenname;
exekutionsbewilligung;ARCHE;1;;
c.v.ver;ARCHE;1;zu speziell/nicht wiederverwendbar;
übersetzung;ARCHE;1;;
munizipium;ARCHE;1;;
qualifikationsbeschwerde;ARCHE;1;;
eröerterung;ARCHE;1;;
d.j.auf;ARCHE;1;zu speziell/nicht wiederverwendbar;
ernennung;ARCHE;1;;
tls;ARCHE;1;;
s.f.pis;ARCHE;1;zu speziell/nicht wiederverwendbar;
d.j.vfb;ARCHE;1;zu speziell/nicht wiederverwendbar;
d.j.kob;ARCHE;1;zu speziell/nicht wiederverwendbar;
geist (moderner);ARCHE;1;;
zurückweisung (jur.);ARCHE;1;;
zurücknahme;ARCHE;1;;
polyglot dictionary;ARCHE;1;;
diplomatiegeschichte;ARCHE;1;Disziplin;
d.j.abr;ARCHE;1;zu speziell/nicht wiederverwendbar;
urteil;ARCHE;1;;
ablehnung;ARCHE;1;;
ergänzung;ARCHE;1;;
commissariat;ARCHE;1;;
aktenübersicht;ARCHE;1;;
d.j.rma;ARCHE;1;zu speziell/nicht wiederverwendbar;
rückzahlung;ARCHE;1;;
honorar;ARCHE;1;;
order of the golden fleece;ARCHE;1;;
fundzeichnungen;ARCHE;1;;
data;ARCHE, SSHOC;2;;
vikariat;ARCHE;1;;
akt;ARCHE;1;;
sozialgeschichte;ARCHE, dha website;2;Disziplin;
transkribus;ARCHE, dha website;2;;
archivrecherchen;ARCHE;1;;
programmheft;ARCHE;1;;
österreich 1849-1860;ARCHE;1;Periode/Phase;
d.j.ksn;ARCHE;1;zu speziell/nicht wiederverwendbar;
theater;ARCHE, SSHOC;2;;
statutory city;ARCHE;1;;
hügelgräber;ARCHE;1;;
yeldeğirmentepe;ARCHE;1;Ort;
function;ARCHE;1;;
verfügungsbogen;ARCHE;1;;
marktgericht;ARCHE;1;;
18. jahrhundert;ARCHE;1;Periode/Phase;
part-of-speech tagging;ARCHE;1;;https://vocabs.dariah.eu/tadirah/posTagging
historical network research;ARCHE;1;Disziplin;
beweisabschluss;ARCHE;1;;
kostennote;ARCHE;1;;
bezirksamt;ARCHE;1;;
d.j.anf;ARCHE;1;zu speziell/nicht wiederverwendbar;
rechnung;ARCHE;1;;
tschechoslowakische regierung;ARCHE;1;;
r.f.ziv;ARCHE;1;zu speziell/nicht wiederverwendbar;
staatsvertrag (st. germain);ARCHE;1;;
crownland;ARCHE;1;;
vergleich (ausgang);ARCHE;1;;
griechenland;ARCHE;1;Ort;
buchgeschichte;ARCHE;1;Disziplin;
druck;ARCHE;1;;
falsche zeugenaussage;ARCHE;1;;
ontology;ARCHE, dha taxonomy, dha website, ACDH-CH HowTo, SSHOC;5;;"""Übersetzung von """"Ontologie"""""""
berufungsausführung;ARCHE;1;;
hofgericht;ARCHE;1;;
t.f.ind;ARCHE;1;zu speziell/nicht wiederverwendbar;
d.j.gpk;ARCHE;1;zu speziell/nicht wiederverwendbar;
d.k.ebs;ARCHE;1;zu speziell/nicht wiederverwendbar;
k.k.med;ARCHE;1;zu speziell/nicht wiederverwendbar;
friedrich austerlitz;ARCHE;1;Eigenname;
online site database;ARCHE;1;;
strafrecht;ARCHE;1;Disziplin;
streik;ARCHE;1;;
mappe;ARCHE;1;;
d.j.akv;ARCHE;1;zu speziell/nicht wiederverwendbar;
aktennotiz;ARCHE;1;;
fotografie (obj.);ARCHE;1;;
testament;ARCHE;1;;
berufung;ARCHE;1;;
d.j.ero;ARCHE;1;zu speziell/nicht wiederverwendbar;
d.j.zrw;ARCHE;1;zu speziell/nicht wiederverwendbar;
e.f.ein;ARCHE;1;zu speziell/nicht wiederverwendbar;
laufbahn;ARCHE;1;;
constituent entity;ARCHE;1;;
burgfrieden;ARCHE;1;;
r.f.str;ARCHE;1;zu speziell/nicht wiederverwendbar;
d.j.vsr;ARCHE;1;zu speziell/nicht wiederverwendbar;
medienhistorisches;ARCHE;1;Disziplin;
bibliographie;ARCHE;1;;
language contact;ARCHE, dha website, SSHOC;3;;
wiener kongress;ARCHE;1;;
d.j.brg;ARCHE;1;zu speziell/nicht wiederverwendbar;
d.j.dan;ARCHE;1;zu speziell/nicht wiederverwendbar;
lesbos;ARCHE;1;Ort;
service encounter;ARCHE;1;;
open data;ARCHE, SSHOC;2;;
erklärung (ausgang);ARCHE;1;;
d.j.mem;ARCHE;1;zu speziell/nicht wiederverwendbar;
vertrauensmänner;ARCHE;1;;
glacis;ARCHE;1;;
manuskript;ARCHE;1;;
high commissariat;ARCHE;1;;
kopie;ARCHE;1;;
d.l.ged;ARCHE;1;zu speziell/nicht wiederverwendbar;
s.f.kro;ARCHE;1;zu speziell/nicht wiederverwendbar;
kassabestätigung;ARCHE;1;;
rufschädigung;ARCHE;1;;
privatrecht;ARCHE;1;Disziplin;
austrian press releases;ARCHE;1;;
ausschuss;ARCHE;1;;
christlich-sozial;ARCHE;1;;
professional business meeting;ARCHE;1;;
personalrat;ARCHE;1;;
koalitionsfreiheit;ARCHE;1;;
literarische berichtigung;ARCHE;1;;
medieval germany;ARCHE;1;;
überweisung;ARCHE;1;;
vereins- und versammlungsfreiheit;ARCHE;1;;
d.j.ant;ARCHE;1;zu speziell/nicht wiederverwendbar;
d.j.erk;ARCHE;1;zu speziell/nicht wiederverwendbar;
hofmark;ARCHE;1;;
d.j.klg;ARCHE;1;zu speziell/nicht wiederverwendbar;
lokalpolitik;ARCHE;1;;
verständigung;ARCHE;1;;
briefumschlag;ARCHE;1;;
co-principality;ARCHE;1;;
educational conversation;ARCHE;1;;
byzantinische burg;ARCHE;1;;
s.f.rue;ARCHE;1;zu speziell/nicht wiederverwendbar;
klage;ARCHE;1;;
k.k.ber;ARCHE;1;zu speziell/nicht wiederverwendbar;
erlagschein;ARCHE;1;;
d.j.ubs;ARCHE;1;zu speziell/nicht wiederverwendbar;
privatrechtliche vereinbarung;ARCHE;1;;
voivodeship;ARCHE;1;;
t.f.kwf;ARCHE;1;zu speziell/nicht wiederverwendbar;
bitte;ARCHE;1;;
wasserversorgung;ARCHE;1;;
austrian media landscape;ARCHE;1;;
juristisches dokument;ARCHE;1;;
aufgabeschein;ARCHE;1;;
d.j.ans;ARCHE;1;zu speziell/nicht wiederverwendbar;
d.j.pkg;ARCHE;1;zu speziell/nicht wiederverwendbar;
rechtsnachfolge;ARCHE;1;;
nationalsozialismus;ARCHE;1;Periode/Phase;
gutschrift;ARCHE;1;;
kassazettel;ARCHE;1;;
richard smetana;ARCHE;1;Eigenname;
d.j.erg;ARCHE;1;zu speziell/nicht wiederverwendbar;
zweiter weltkrieg;ARCHE;1;Periode/Phase;
s.f.sme;ARCHE;1;zu speziell/nicht wiederverwendbar;
drohung;ARCHE;1;;
e.f.aus;ARCHE;1;zu speziell/nicht wiederverwendbar;
verurteilung;ARCHE;1;;
lithics;ARCHE;1;;
bericht;ARCHE;1;;
ersatzanspruch;ARCHE;1;;
nachrede;ARCHE;1;;
professional business conversation;ARCHE;1;;
professional organizational working group discussion;ARCHE;1;;
professional business question-answer session;ARCHE;1;;
s.f.bek;ARCHE;1;zu speziell/nicht wiederverwendbar;
geldbuße;ARCHE;1;;
rechtsmittelanmeldung;ARCHE;1;;
squeezes;ARCHE;1;;
d.j.eek;ARCHE;1;zu speziell/nicht wiederverwendbar;
berufungsschrift;ARCHE;1;;
paul amadeus pisk;ARCHE;1;Eigenname;
t.f.ehr;ARCHE;1;zu speziell/nicht wiederverwendbar;
nekropole;ARCHE;1;;
d.j.bss;ARCHE;1;zu speziell/nicht wiederverwendbar;
tag set;ARCHE;1;;
d.j.erl;ARCHE;1;zu speziell/nicht wiederverwendbar;
"25er-ausschuss; fünfundzwanziger-ausschuss";ARCHE;1;;
data management;DARIAH Campus, dha taxonomy, SSHOC;3;;
dh;DARIAH Campus;1;;
eheritage;DARIAH Campus;1;;
training and education;DARIAH Campus;1;;
digital archives;DARIAH Campus;1;;
open access;DARIAH Campus, dha taxonomy, dha website, ACDH-CH HowTo, SSHOC;5;;
scholarly editions;DARIAH Campus;1;;
scholarly practice;DARIAH Campus;1;;
data visualisation;DARIAH Campus;1;;
eosc;DARIAH Campus;1;;
multimodality;DARIAH Campus;1;;
computational imaging;DARIAH Campus;1;;
data modeling;DARIAH Campus;1;;
design thinking;DARIAH Campus, dha website;2;;
open education;DARIAH Campus;1;;
project management;DARIAH Campus, Zotero (KONDE);2;;
repositories & collections;DARIAH Campus;1;;
sustainability;DARIAH Campus, Zotero (KONDE);2;;
feminism;DARIAH Campus;1;;
lexicography;DARIAH Campus, dha taxonomy, dha website, ACDH-CH HowTo;4;;
scholarly publishing;DARIAH Campus, SSHOC;2;;
source criticism;DARIAH Campus;1;;
spatial humanities;DARIAH Campus, Zotero (KONDE);2;;
augmented reality;DARIAH Campus, dha website;2;;
big data;DARIAH Campus, Zotero (KONDE);2;;
controlled vocabularies;DARIAH Campus, SSHOC;2;;
history of technology;DARIAH Campus;1;;
ontologies;DARIAH Campus, SSHOC;2;;
software development;DARIAH Campus;1;;
sound studies;DARIAH Campus;1;;
editing tools;DARIAH Campus;1;;
game studies;DARIAH Campus;1;;
geotagging;DARIAH Campus;1;;
information architecture;DARIAH Campus;1;;
literacies;DARIAH Campus;1;;
machine learning;DARIAH Campus, dha website, SSHOC, TaDiRAH, Zotero (KONDE);5;;
maker culture;DARIAH Campus;1;;
mooc;DARIAH Campus;1;;
speech technology;DARIAH Campus;1;;
xpath;DARIAH Campus;1;;
xslt;DARIAH Campus;1;;
formats, protocols, standards;dha taxonomy, dha website;2;;
disciplines;dha taxonomy, dha website;2;;
resources;dha taxonomy, dha website;2;;
tools and services;dha taxonomy;1;;
topics;dha taxonomy, dha website, SSHOC;3;;
type;dha taxonomy, dha website, SSHOC;3;;
political science;dha taxonomy, dha website;2;;
gender studies;dha taxonomy, dha website, gams;3;;
theatre studies;dha taxonomy, dha website;2;;
theology;dha taxonomy, dha website, gams;3;;
psychology;dha taxonomy, dha website, SSHOC;3;;
demography;dha taxonomy, dha website;2;;
economics;dha taxonomy, dha website, SSHOC;3;;
education;dha taxonomy, dha website, SSHOC, Zotero (KONDE);4;;
communication studies;dha taxonomy;1;;
architecture;dha taxonomy, dha website, SSHOC;3;;
text encoding;dha taxonomy, dha website;2;;
folia;dha taxonomy, dha website;2;;
art studies;dha taxonomy, dha website;2;;
methods and statistics;dha taxonomy, dha website;2;;
law;dha taxonomy, dha website, SSHOC;3;;
oriental studies;dha taxonomy, dha website;2;;
geography;dha taxonomy, dha website;2;;
philosophy;dha taxonomy, dha website, gams, Zotero (KONDE);4;;
semantic web vocabularies;dha taxonomy, dha website;2;;
rdf;dha taxonomy, dha website, ACDH-CH HowTo, SSHOC;4;;
foaf;dha taxonomy, dha website;2;;
history studies;dha taxonomy, dha website;2;;
audio recording;dha taxonomy, TaDiRAH;2;;
video recording;dha taxonomy;1;;
3d;dha taxonomy, dha website, SSHOC;3;;
geodata;dha taxonomy, dha website;2;;
map;dha taxonomy;1;;
language resource;dha taxonomy, dha website;2;;
treebank;dha taxonomy, dha website;2;;
historical text;dha taxonomy;1;;
oai pmh;dha taxonomy;1;;
semantic resource;dha taxonomy, dha website;2;;
taxonomy;dha taxonomy, dha website;2;;
vocabulary;dha taxonomy, dha website;2;;
knowledge base;dha taxonomy, dha website;2;;
optical character recognition;dha taxonomy, TaDiRAH;2;;
repository;dha taxonomy, dha website;2;;
sentiment analysis;dha taxonomy, dha website, SSHOC, TaDiRAH, Zotero (KONDE);5;;
search service;dha taxonomy, dha website;2;;
metasearch;dha taxonomy;1;;
machine translation;dha taxonomy, dha website, SSHOC;3;;
nlp;dha taxonomy, dha website, SSHOC, TaDiRAH;4;;
tokenisation;dha taxonomy;1;;
tagging;dha taxonomy, dha website, TaDiRAH, Zotero (KONDE);4;;
pos tagging;dha taxonomy;1;;
parsing;dha taxonomy, TaDiRAH;2;;
ner;dha taxonomy, dha website, SSHOC, TaDiRAH;4;;
entity linking;dha taxonomy;1;;
lemmatisation;dha taxonomy;1;;
social network analysis;dha taxonomy, dha website;2;;
oais;dha taxonomy, dha website;2;;
vre;dha taxonomy;1;;
graph;dha taxonomy, dha website;2;;
editor;dha taxonomy, dha website, Zotero (KONDE);3;;
xml editor;dha taxonomy;1;;
crowdsourcing;dha taxonomy, TaDiRAH, Zotero (KONDE);3;;
semantic interoperability;dha taxonomy, dha website;2;;
schema mapping;dha taxonomy, dha website;2;;
copyright and licensing;dha taxonomy;1;;
e learning;dha taxonomy;1;;
linked data;dha taxonomy, dha website;2;;
cmdi;dha taxonomy, dha website, SSHOC;3;;
open source;dha taxonomy, dha website;2;;
teaching;dha taxonomy, TaDiRAH, Zotero (KONDE);3;;
programming;dha taxonomy, dha website, TaDiRAH, Zotero (KONDE);4;;
glam;dha taxonomy;1;;
research infrastructure;dha taxonomy, dha website;2;;
parthenos;dha taxonomy, dha website;2;;
clarin;dha taxonomy, dha website, SSHOC;3;;
ariadne;dha taxonomy, dha website, SSHOC;3;;
dariah;dha taxonomy, dha website;2;;
europeana;dha taxonomy, dha website, SSHOC;3;;
research data management;dha taxonomy;1;;
biographical data;dha taxonomy;1;;
query language;dha taxonomy, dha website;2;;
sql;dha taxonomy, dha website;2;;
sparql;dha taxonomy, dha website, ACDH-CH HowTo;3;;
cqp/cql;dha taxonomy;1;;
sru/cql;dha taxonomy;1;;
digital preservation;dha taxonomy;1;;
type reading;dha taxonomy;1;;
type organisation;dha taxonomy;1;;
type resource;dha taxonomy;1;;
type software;dha taxonomy;1;;
musicology;dha taxonomy, dha website, gams;3;;
social sciences;dha taxonomy, dha website, SSHOC;3;;
16th century;dha website;1;;
17th century;dha website;1;;
18th century;dha website, SSHOC;2;;
19th century;dha website, SSHOC;2;;
address;dha website;1;;
aldersbach abbey;dha website;1;;
algorithms;dha website;1;;
analyser;dha website;1;;
ancient greek;dha website, SSHOC;2;;
ancient history;dha website, gams, SSHOC;3;;
antiquity;dha website;1;;
api;dha website, SSHOC;2;;
applied humanities;dha website;1;;
archival description;dha website;1;;
archives;dha website, Zotero (KONDE);2;;
art;dha website, gams, SSHOC;3;;
art driven innovation;dha website;1;;
art history;dha website, gams;2;;
art science;dha website;1;;
artificial intelligence;dha website, SSHOC;2;;
artisitc actionism;dha website;1;;
artistic actionism;dha website;1;;
artistic activism;dha website;1;;
astronomy;dha website;1;;
audio recordings;dha website;1;;
audio-visual;dha website;1;;
austria;dha website;1;;
austrian academy of sciences;dha website;1;;
automation;dha website;1;;
bauforschung;dha website;1;;
belarus;dha website;1;;
biases;dha website;1;;
bioarchaeology;dha website;1;;
biodiversity;dha website;1;;
biographies;dha website;1;;
buddhism;dha website, SSHOC;2;;
burials;dha website;1;;
cataloguing;dha website;1;;
central asia;dha website;1;;
cfa;dha website;1;;
cfp;dha website;1;;
citizen innovation;dha website;1;;
clariah-at;dha website;1;;
classics;dha website, gams;2;;
cmc;dha website;1;;
co-creation;dha website;1;;
co-creation of knowledge;dha website;1;;
co-design;dha website;1;;
code mixing;dha website;1;;
collaborative citymaking;dha website;1;;
communication;dha website, SSHOC;2;;
communication sciences;dha website;1;;
complete works;dha website;1;;
composition;dha website;1;;
computer sciences;dha website;1;;
computer vision;dha website, SSHOC;2;;
conceputal art;dha website;1;;
conference;dha website;1;;
consumption;dha website;1;;
contemporary history;dha website;1;;
content analysis;dha website, TaDiRAH, Zotero (KONDE);3;;
correspondence edition;dha website;1;;
covid19;dha website;1;;
crisis intervention;dha website;1;;
critical speculative design;dha website;1;;
crowd innovation;dha website;1;;
crowd science;dha website;1;;
culinary history;dha website;1;;
cultural memory;dha website;1;;
culture;dha website, SSHOC, Zotero (KONDE);3;;
data curation;dha website;1;;
data protection;dha website;1;;
data science;dha website;1;;
database;dha website, gams;2;;
dc;dha website;1;;
deep learning;dha website;1;;
design methods;dha website;1;;
dha;dha website;1;;
dha conference;dha website;1;;
dialect data;dha website;1;;
dictionaries;dha website;1;;
dictionary;dha website;1;;
digital archive;dha website;1;;
digital art;dha website;1;;
digital classics;dha website;1;;
digital diplomatics;dha website;1;;
digital heritage;dha website;1;;
digital history;dha website;1;;
digital humanism;dha website;1;;
digital humanities;dha website, SSHOC, Zotero (KONDE);3;;
digital infrastructure;dha website;1;;
digital mapping;dha website;1;;
digital museology;dha website;1;;
digital newspapers;dha website;1;;
digital postcards;dha website;1;;
digital skills;dha website;1;;
digital texts;dha website;1;;
diplomatics;dha website, gams;2;;
discourse analysis;dha website, TaDiRAH;2;;
distant reading;dha website, SSHOC;2;;
diversity studies;dha website;1;;
document edition;dha website;1;;
e-learning;dha website;1;;
early modern;dha website;1;;
early modern history;dha website;1;;
early new high german;dha website;1;;
edition data;dha website;1;;
english literature;dha website;1;;
environmental humanities;dha website;1;;
ephesos;dha website;1;;
epigraphy;dha website;1;;
ethics;dha website, SSHOC;2;;
ethnology;dha website;1;;
europe;dha website, SSHOC, Zotero (KONDE);3;;
event;dha website;1;;
events;dha website;1;;
everyday life;dha website;1;;
exhibition;dha website;1;;
experimentation;dha website;1;;
food;dha website, gams;2;;
forschungsmethoden;dha website;1;;
fragments;dha website;1;;
framework;dha website, SSHOC;2;;
francesco pipino;dha website;1;;
fst;dha website;1;;
fused lects;dha website;1;;
future thinking;dha website;1;;
gamification;dha website, TaDiRAH;2;;
gams;dha website;1;;
gender medicine;dha website;1;;
georeferencing;dha website, TaDiRAH;2;;
german studies;dha website, gams;2;;
global ecosystem;dha website;1;;
go!digital;dha website;1;;
govenmental data;dha website;1;;
habsburg-ottoman relations;dha website;1;;
handwritten text recognition;dha website, SSHOC;2;;
hans ried;dha website;1;;
harmonization;dha website;1;;
health;dha website;1;;
heritage preservation;dha website;1;;
historical geography;dha website;1;;
historical gis;dha website;1;;
historical newspapers;dha website;1;;
historical postcards;dha website;1;;
historical texts;dha website;1;;
historiography;dha website, SSHOC;2;;
history of science;dha website, SSHOC;2;;
holocaust education;dha website;1;;
hybrid digital edition;dha website;1;;
iconclass;dha website;1;;
ict use;dha website;1;;
iiif;dha website;1;;
images;dha website, SSHOC, Zotero (KONDE);3;;
immersive museum;dha website;1;;
indic texts;dha website;1;;
indigenous culture;dha website;1;;
infrastructure;dha website, Zotero (KONDE);2;;
innovation;dha website;1;;
innovation network;dha website;1;;
interdisciplinary research;dha website;1;;
intermediality;dha website;1;;
inventories;dha website;1;;
iran;dha website;1;;
islamic manuscripts;dha website;1;;
italian;dha website, SSHOC;2;;
java;dha website;1;;
javascript;dha website, SSHOC;2;;
keyword spotting;dha website;1;;
knowledge cultures;dha website;1;;
knowledge science;dha website;1;;
labour migration;dha website;1;;
land registers;dha website;1;;
language change;dha website, SSHOC;2;;
language didactics;dha website;1;;
laserscanning;dha website;1;;
latin;dha website, SSHOC;2;;
lecture;dha website;1;;
legal history;dha website, SSHOC;2;;
lemmatizer;dha website;1;;
libraries;dha website, SSHOC;2;;
libretto;dha website;1;;
libretto edition;dha website;1;;
licensing;dha website;1;;
lido;dha website, SSHOC;2;;
liquid museum;dha website;1;;
lod;dha website, SSHOC, TaDiRAH;3;;
long-term projects on cultural heritage;dha website;1;;
management;dha website;1;;
manuscripts;dha website, gams, SSHOC, Zotero (KONDE);4;;
maps;dha website, gams, SSHOC, Zotero (KONDE);4;;
marco polo;dha website;1;;
material analysis;dha website;1;;
maximilian i;dha website;1;;
media;dha website, SSHOC;2;;
medical communication;dha website;1;;
medieval brain anatomy;dha website;1;;
medieval manuscripts;dha website;1;;
meteorology;dha website;1;;
middle high german;dha website;1;;
minutes;dha website;1;;
mobility;dha website;1;;
monasterium.net;dha website;1;;
mongol empire;dha website;1;;
mozart;dha website;1;;
multilingual corpus;dha website;1;;
multispectral imaging;dha website;1;;
museum studies;dha website;1;;
museums;dha website, SSHOC;2;;
music;dha website, SSHOC, Zotero (KONDE);3;;
music encoding;dha website;1;;
music history;dha website;1;;
named entities;dha website, Zotero (KONDE);2;;
narratives;dha website;1;;
narratology;dha website;1;;
natural language processing;dha website, SSHOC, TaDiRAH;3;;
network analysis;dha website, SSHOC, TaDiRAH, Zotero (KONDE);4;;
neural networks;dha website;1;;
news;dha website, SSHOC;2;;
newspapers;dha website, SSHOC;2;;
nuns and monks;dha website;1;;
oai-pmh;dha website;1;;
open design platform;dha website;1;;
owl;dha website;1;;
pandemic;dha website;1;;
paratexts;dha website;1;;
parliament;dha website, SSHOC;2;;
parser;dha website;1;;
participation;dha website;1;;
participatory methods;dha website;1;;
pdf;dha website, SSHOC;2;;
periodicals;dha website, Zotero (KONDE);2;;
perl;dha website;1;;
photographs;dha website;1;;
php;dha website;1;;
platform;dha website;1;;
poetry;dha website, SSHOC;2;;
politics;dha website, SSHOC;2;;
pos-tagger;dha website;1;;
pos-tagging;dha website, TaDiRAH;2;;
postcards;dha website, gams;2;;
pragmatics;dha website;1;;
prakrit;dha website;1;;
presentation;dha website;1;;
project;dha website, Zotero (KONDE);2;;
propaganda;dha website;1;;
protocols;dha website;1;;
prototyping;dha website;1;;
python;dha website, SSHOC;2;;
radio;dha website;1;;
religion;dha website, SSHOC, Zotero (KONDE);3;;
research ethics;dha website;1;;
resilience;dha website;1;;
responsibility;dha website;1;;
robotics;dha website;1;;
roman;dha website;1;;
royal libraries;dha website;1;;
russia;dha website;1;;
russian and ukrainian;dha website;1;;
sanskrit;dha website;1;;
science education;dha website;1;;
scientific heritage;dha website;1;;
sdgs;dha website;1;;
semantic representation;dha website;1;;
server-side;dha website;1;;
social and economoc history;dha website;1;;
social innovation;dha website;1;;
south asia;dha website;1;;
southern ukraine;dha website;1;;
spoken corpus;dha website;1;;
stadtmodell;dha website;1;;
storytelling;dha website;1;;
summer school;dha website;1;;
sustainability transition;dha website;1;;
tagger;dha website, SSHOC;2;;
tei-xml;dha website;1;;
text mining;dha website, SSHOC, Zotero (KONDE);3;;
text recognition;dha website;1;;
textual scholarship;dha website;1;;
tibet;dha website, SSHOC;2;;
tokenizer;dha website;1;;
tools;dha website, SSHOC, Zotero (KONDE);3;;
tools & services;dha website;1;;
topic-modeling;dha website;1;;
training;dha website;1;;
transdicisplinarity;dha website;1;;
travelogues;dha website;1;;
tutorials;dha website;1;;
t_organisation;dha website;1;;
t_reading;dha website;1;;
t_resource;dha website;1;;
t_software;dha website;1;;
uk;dha website;1;;
ukraine;dha website;1;;
urban studies;dha website;1;;
urbanism;dha website;1;;
urbanistik;dha website;1;;
video recordings;dha website;1;;
virtual reality;dha website;1;;
virtual research environment;dha website;1;;
visual media;dha website;1;;
vocabulary dictionaries;dha website;1;;
webgis;dha website;1;;
wikidata;dha website;1;;
wirtschaftsgeschichte;dha website;1;;
wissenschaftskommunikation;dha website;1;;
workshop;dha website;1;;
written newspapers;dha website;1;;
xml-editor;dha website;1;;
yemen;dha website, SSHOC;2;;
yugoslavia;dha website;1;;
archäologie;gams;1;;
kunstgeschichte;gams;1;;
kulturerbe;gams;1;;
geschlechter studien;gams;1;;
linguistik;gams, Zotero (KONDE);2;;
sprachwissenschaften;gams;1;;
musikologie;gams;1;;
germanistik;gams;1;;
mediävistik;gams, Zotero (KONDE);2;;
klassische philologie;gams;1;;
alte geschichte;gams;1;;
sozialwissenschaften;gams;1;;
philosophie;gams, Zotero (KONDE);2;;
museum;gams;1;;
numismatik;gams;1;;
mathematik;gams;1;;
kunst ;gams;1;;
theologie;gams;1;;
historische hilfswissenschaften;gams;1;;
cultural hertitage;gams;1;;
lingustics;gams;1;;
language studies;gams;1;;
social studies;gams;1;;
numismatics;gams;1;;
maths;gams;1;;
historical auxiliary sciences;gams;1;;
literatur;gams;1;;
didaktik;gams;1;;
lyrik;gams;1;;
inschriften;gams;1;;
author/schriftsteller;gams;1;;
liturgie;gams;1;;
heilige;gams;1;;
feste;gams;1;;
prosopographie;gams;1;;
diplomatik;gams;1;;
paleografie;gams;1;;
essen;gams;1;;
diplomatie;gams;1;;
literature;gams, SSHOC, Zotero (KONDE);3;;
didactics;gams;1;;
lyric poetry;gams;1;;
author/novelist;gams;1;;
saints;gams;1;;
feasts;gams;1;;
diplomacy;gams, SSHOC;2;;
briefe;gams;1;;
rechnungsbücher;gams;1;;
kochrezepte;gams;1;;
handschrift;gams;1;;
steuerverzeichnisse;gams;1;;
schriften;gams;1;;
zeitschriften;gams;1;;
postkarten;gams;1;;
suppliken;gams;1;;
siegel;gams;1;;
rechtsdarstellungen;gams;1;;
uhrfedebücher;gams;1;;
urkunden;gams;1;;
akten;gams;1;;
letters;gams, SSHOC;2;;
historical accounts;gams;1;;
cooking recipes;gams;1;;
hearth tax;gams;1;;
journal;gams;1;;
supplications;gams;1;;
seals;gams;1;;
images of legal activities;gams;1;;
legal documents;gams;1;;
charters;gams;1;;
diaries;gams;1;;
records;gams, SSHOC;2;;
sammlung;gams;1;;
digitale edition;gams, Zotero (KONDE);2;;
virtuelles museum;gams;1;;
archiv;gams;1;;
transkription;gams;1;;
datenbank;gams;1;;
virtual museum;gams;1;;
archive;gams;1;;
mittelalter;gams;1;;
neuzeit;gams;1;;
modern age;gams;1;;
gegenwart;gams;1;;
contemporary;gams;1;;
datenmanagement;ACDH-CH HowTo;1;;
prosopographic data;ACDH-CH HowTo;1;;
ui design;ACDH-CH HowTo;1;;
documentation howto platform;ACDH-CH HowTo;1;;
1 grams;SSHOC;1;;
18th century literature;SSHOC;1;;
19th century literature;SSHOC;1;;
3d graphics;SSHOC;1;;
keywords from sshoc mp;SSHOC;1;;
absorption;SSHOC;1;;
abstracts;SSHOC;1;;
academia;SSHOC, Zotero (KONDE);2;;
academic articles;SSHOC;1;;
academic publishing;SSHOC, TaDiRAH;2;;
academic research;SSHOC;1;;
academic blogging;SSHOC;1;;
acoustic;SSHOC;1;;
acquisition condition;SSHOC;1;;
african american;SSHOC, Zotero (KONDE);2;;
african american history;SSHOC;1;;
african history;SSHOC;1;;
african languages;SSHOC;1;;
african names database;SSHOC;1;;
afrikaans;SSHOC;1;;
ages;SSHOC;1;;
aggregate data;SSHOC;1;;
aggregators & integrators;SSHOC;1;;
ai;SSHOC;1;;
airbnb;SSHOC;1;;
albania;SSHOC;1;;
albanian;SSHOC;1;;
album covers;SSHOC;1;;
albums;SSHOC;1;;
alignment;SSHOC;1;;
amazon;SSHOC;1;;
america;SSHOC;1;;
american civil war;SSHOC;1;;
american english;SSHOC;1;;
american literature;SSHOC;1;;
american south;SSHOC;1;;
ancient documents;SSHOC;1;;
ancient roman;SSHOC;1;;
ancient rome;SSHOC;1;;
ancient world;SSHOC;1;;
anglo saxons;SSHOC;1;;
animation;SSHOC, Zotero (KONDE);2;;
anime;SSHOC;1;;
annotated texts;SSHOC;1;;
anonymity;SSHOC;1;;
anonymization;SSHOC;1;;
anthropology;SSHOC;1;;
applications;SSHOC;1;;
applications repository;SSHOC;1;;
arabic;SSHOC;1;;
aragonese;SSHOC;1;;
archeology;SSHOC;1;;
argument;SSHOC;1;;
armenian;SSHOC;1;;
articles;SSHOC;1;;
arts;SSHOC, Zotero (KONDE);2;;
asia;SSHOC;1;;
asr;SSHOC;1;;
attitudes;SSHOC;1;;
audio;SSHOC;1;;
audio transcription;SSHOC;1;;
audio transcriptions;SSHOC;1;;
australia;SSHOC;1;;
australian poetry;SSHOC;1;;
author;SSHOC;1;;
authority files;SSHOC;1;;
authorship attribution;SSHOC, TaDiRAH;2;;
autocorrection;SSHOC;1;;
azerbaijani;SSHOC;1;;
baby names;SSHOC;1;;
baltimore;SSHOC;1;;
basque;SSHOC;1;;
belarusian;SSHOC;1;;
benefits analysis;SSHOC;1;;
bengali;SSHOC;1;;
best practices guidelines;SSHOC;1;;
bestellers;SSHOC;1;;
bias;SSHOC;1;;
bibliographic data;SSHOC;1;;
bibliographic records;SSHOC;1;;
billboard;SSHOC;1;;
biological sciences;SSHOC;1;;
bloggers;SSHOC;1;;
blogs;SSHOC;1;;
book history;SSHOC;1;;
book history data;SSHOC;1;;
books;SSHOC;1;;
bosnian;SSHOC;1;;
boundaries;SSHOC;1;;
brazil;SSHOC;1;;
brazilian portuguese;SSHOC;1;;
breast cancer;SSHOC;1;;
breton;SSHOC;1;;
brightkite;SSHOC;1;;
british literature;SSHOC;1;;
british newspapers;SSHOC;1;;
bulgaria;SSHOC;1;;
bulgarian;SSHOC;1;;
bulgarian history;SSHOC;1;;
byu;SSHOC;1;;
byzantine;SSHOC;1;;
calibration routine;SSHOC;1;;
canada;SSHOC;1;;
canadian history;SSHOC;1;;
canon;SSHOC;1;;
captions;SSHOC;1;;
catalan;SSHOC;1;;
categories;SSHOC;1;;
cdc;SSHOC;1;;
censorship;SSHOC;1;;
census data;SSHOC;1;;
ceramic studies;SSHOC;1;;
ceramics;SSHOC;1;;
certification;SSHOC;1;;
chaining odds;SSHOC;1;;
character;SSHOC;1;;
chat format;SSHOC;1;;
checklists;SSHOC;1;;
chicago;SSHOC;1;;
china;SSHOC;1;;
chinese;SSHOC;1;;
church;SSHOC;1;;
circulation;SSHOC;1;;
citations;SSHOC;1;;
clan;SSHOC;1;;
classification;SSHOC;1;;
clinical;SSHOC;1;;
clustering;SSHOC;1;;
cnr ilc;SSHOC;1;;
cnr iliesi;SSHOC;1;;
codata;SSHOC;1;;
code switching;SSHOC;1;;
college;SSHOC;1;;
collocates;SSHOC;1;;
colour measurements;SSHOC;1;;
components;SSHOC;1;;
compton scatter;SSHOC;1;;
computational linguistics;SSHOC;1;;
computational social science;SSHOC;1;;
conference program;SSHOC;1;;
contemporary literature;SSHOC;1;;
cover art;SSHOC;1;;
covid 19;SSHOC;1;;
credit;SSHOC;1;;
creoles;SSHOC;1;;
crf parsing;SSHOC;1;;
crime;SSHOC;1;;
croatian;SSHOC;1;;
csv;SSHOC;1;;
cultural analytics;SSHOC;1;;
cuneiform;SSHOC;1;;
customization;SSHOC, Zotero (KONDE);2;;
czech;SSHOC;1;;
danish;SSHOC;1;;
dasish;SSHOC;1;;
data extraction;SSHOC;1;;
data management, fair, data publication, data archive;SSHOC;1;;
data manipulation;SSHOC;1;;
data access;SSHOC;1;;
data analysis;SSHOC;1;;
data archive;SSHOC;1;;
data catalogue;SSHOC;1;;
data deposit;SSHOC;1;;
data discovery;SSHOC;1;;
database of polymer spectra;SSHOC;1;;
dates;SSHOC;1;;
ddi;SSHOC;1;;
deaths;SSHOC;1;;
debt;SSHOC;1;;
demographic;SSHOC;1;;
demographics;SSHOC;1;;
dependency grammar;SSHOC;1;;
dependency trees;SSHOC;1;;
description;SSHOC, TaDiRAH;2;;
dh2013;SSHOC;1;;
dh2014;SSHOC;1;;
dh2015;SSHOC;1;;
dialectology;SSHOC;1;;
dialogue;SSHOC;1;;
digital behavioral data;SSHOC;1;;
directed;SSHOC;1;;
discovery;SSHOC;1;;
displaced persons;SSHOC;1;;
dita;SSHOC;1;;
diversity;SSHOC;1;;
download;SSHOC;1;;
dpla;SSHOC;1;;
drama;SSHOC;1;;
ds;SSHOC;1;;
dtabf;SSHOC;1;;
dublin core;SSHOC;1;;
dutch;SSHOC;1;;
dutch literature;SSHOC;1;;
eac;SSHOC;1;;
ead;SSHOC;1;;
earnings;SSHOC;1;;
earth observations;SSHOC;1;;
east asian history;SSHOC;1;;
eastern mediterranean;SSHOC;1;;
ecco;SSHOC;1;;
ecco tcp;SSHOC;1;;
economic;SSHOC;1;;
economics & business;SSHOC;1;;
edges;SSHOC;1;;
edm;SSHOC;1;;
education & training;SSHOC;1;;
educational sciences;SSHOC;1;;
egypt;SSHOC;1;;
eigen decomposition;SSHOC;1;;
eighteenth century;SSHOC;1;;
eighteenth century poetry;SSHOC;1;;
elections;SSHOC;1;;
electrochemical impedance spectroscopy;SSHOC;1;;
electromagnetic radiation;SSHOC;1;;
email;SSHOC;1;;
emigrants;SSHOC;1;;
emolex;SSHOC;1;;
emotion;SSHOC;1;;
employment;SSHOC;1;;
end user requirements;SSHOC;1;;
england;SSHOC;1;;
english;SSHOC, Zotero (KONDE);2;;
epidemiology;SSHOC;1;;
esperanto;SSHOC;1;;
estonian;SSHOC;1;;
ethnic minorities;SSHOC;1;;
ethnic studies;SSHOC;1;;
european history;SSHOC;1;;
event detection;SSHOC;1;;
facebook;SSHOC;1;;
facetted search;SSHOC;1;;
fair;SSHOC;1;;
fair principles;SSHOC;1;;
fan fiction;SSHOC;1;;
faroese;SSHOC;1;;
fiction;SSHOC;1;;
film;SSHOC;1;;
film history;SSHOC;1;;
finnish;SSHOC;1;;
flickr;SSHOC;1;;
fluorescence;SSHOC;1;;
folklore;SSHOC;1;;
forced alignment;SSHOC;1;;
formats;SSHOC;1;;
french;SSHOC;1;;
ftir;SSHOC;1;;
ftir reflectance spectroscopy;SSHOC;1;;
full text;SSHOC;1;;
function words;SSHOC;1;;
galician;SSHOC;1;;
game of thrones;SSHOC;1;;
gameboiy advance;SSHOC;1;;
gameboy;SSHOC;1;;
gender;SSHOC;1;;
genome data;SSHOC;1;;
gentrification;SSHOC;1;;
geo data;SSHOC;1;;
geographical data;SSHOC;1;;
george r r martin;SSHOC;1;;
georgian;SSHOC;1;;
geospatial data;SSHOC;1;;
german;SSHOC;1;;
get ready;SSHOC;1;;
github;SSHOC;1;;
global data;SSHOC;1;;
global english;SSHOC;1;;
global history;SSHOC;1;;
goodreads;SSHOC;1;;
google books;SSHOC;1;;
government;SSHOC;1;;
gowalla;SSHOC;1;;
greece;SSHOC;1;;
greek;SSHOC;1;;
groceries;SSHOC;1;;
group on earth observations;SSHOC;1;;
guidelines;SSHOC;1;;
gujarati;SSHOC;1;;
haitian creole;SSHOC;1;;
hand corrected;SSHOC;1;;
handwriting;SSHOC;1;;
hate crimes;SSHOC;1;;
health data;SSHOC;1;;
healthcare;SSHOC;1;;
hebrew;SSHOC;1;;
heritage science;SSHOC;1;;
higgs boson;SSHOC;1;;
hindi;SSHOC;1;;
hiring;SSHOC;1;;
hisco;SSHOC;1;;
historical;SSHOC;1;;
historical data;SSHOC;1;;
historical linguistics;SSHOC;1;;
historical manuscripts;SSHOC;1;;
historical maps;SSHOC;1;;
historical records;SSHOC;1;;
historical corpora;SSHOC;1;;
history & archaeology;SSHOC;1;;
hollywood;SSHOC;1;;
homicide;SSHOC;1;;
hotels;SSHOC;1;;
housing;SSHOC;1;;
html;SSHOC;1;;
human subjects research;SSHOC;1;;
humanities;SSHOC, Zotero (KONDE);2;;
humor;SSHOC;1;;
hungarian;SSHOC;1;;
i vectors;SSHOC;1;;
icelandic;SSHOC;1;;
identity;SSHOC;1;;
ido;SSHOC;1;;
image recognition;SSHOC;1;;
immigrants;SSHOC;1;;
in situ analysis;SSHOC;1;;
in situ measurements;SSHOC;1;;
incarceration;SSHOC;1;;
india;SSHOC;1;;
indian history;SSHOC;1;;
indonesian;SSHOC;1;;
instagram;SSHOC;1;;
institutional research board;SSHOC;1;;
integration;SSHOC;1;;
interlingua;SSHOC;1;;
internet trolls;SSHOC;1;;
interoperability;SSHOC;1;;
ipr;SSHOC;1;;
ipr issues;SSHOC;1;;
irish;SSHOC;1;;
isbn;SSHOC;1;;
isco;SSHOC;1;;
islam;SSHOC;1;;
islamic history;SSHOC;1;;
iso;SSHOC;1;;
isocat;SSHOC;1;;
italy;SSHOC;1;;
james joyce;SSHOC;1;;
japan;SSHOC;1;;
japanese;SSHOC;1;;
jeopardy;SSHOC;1;;
jewish history;SSHOC;1;;
job listings;SSHOC;1;;
jokes;SSHOC;1;;
json;SSHOC;1;;
kannada;SSHOC;1;;
keywords;SSHOC;1;;
khmer;SSHOC;1;;
kirghiz;SSHOC;1;;
knowledge graph;SSHOC;1;;
knowledgebases;SSHOC;1;;
koineization;SSHOC;1;;
korean;SSHOC;1;;
kurdish;SSHOC;1;;
land use;SSHOC;1;;
language;SSHOC, Zotero (KONDE);2;;
language typology;SSHOC;1;;
languages & literature;SSHOC;1;;
large scale repository;SSHOC;1;;
laser ablation;SSHOC;1;;
laser analysis;SSHOC;1;;
laser cleaning;SSHOC;1;;
latvian;SSHOC;1;;
legal;SSHOC;1;;
legal requirements;SSHOC;1;;
lemmas;SSHOC;1;;
lesbian and gay history;SSHOC;1;;
letter writing;SSHOC;1;;
lexicaldata;SSHOC;1;;
lgbt history;SSHOC;1;;
liberia;SSHOC;1;;
library;SSHOC;1;;
library data;SSHOC;1;;
libs;SSHOC;1;;
licenses;SSHOC;1;;
life expectancy;SSHOC;1;;
linguistic variation;SSHOC;1;;
linguisticannotation;SSHOC;1;;
literary careers;SSHOC;1;;
literary characters;SSHOC;1;;
literary fiction;SSHOC;1;;
literary plot;SSHOC;1;;
literary prizes;SSHOC;1;;
lithuanian;SSHOC;1;;
livejournal;SSHOC;1;;
loc;SSHOC;1;;
locations;SSHOC;1;;
london;SSHOC;1;;
los angeles;SSHOC;1;;
luxembourgish;SSHOC;1;;
lynching;SSHOC;1;;
macedonian;SSHOC;1;;
magazines;SSHOC;1;;
malay;SSHOC;1;;
maltese;SSHOC;1;;
mandarin;SSHOC;1;;
manuscript encoding;SSHOC;1;;
mapping;SSHOC, TaDiRAH;2;;
marathi;SSHOC;1;;
marc;SSHOC;1;;
mary russell mitford;SSHOC;1;;
media & communications;SSHOC;1;;
media format;SSHOC;1;;
medicine;SSHOC;1;;
medieval;SSHOC;1;;
medieval archaeology;SSHOC;1;;
medieval history;SSHOC;1;;
medieval music;SSHOC;1;;
mei score editor (meise);SSHOC;1;;
mermeid;SSHOC;1;;
mesh;SSHOC;1;;
metadata search;SSHOC;1;;
meter;SSHOC;1;;
metrics;SSHOC;1;;
mets;SSHOC;1;;
microsoft;SSHOC;1;;
migrants;SSHOC;1;;
migration;SSHOC, TaDiRAH;2;;
migration studies;SSHOC;1;;
minorities;SSHOC;1;;
models;SSHOC;1;;
modern south arabian;SSHOC;1;;
monographs;SSHOC;1;;
movie reviews;SSHOC;1;;
movie scripts;SSHOC;1;;
movies;SSHOC;1;;
mp3;SSHOC;1;;
multiclass classification;SSHOC;1;;
multimedia;SSHOC;1;;
multiple languages;SSHOC;1;;
multiresolution;SSHOC;1;;
museum collections;SSHOC;1;;
mushrooms;SSHOC;1;;
muslim history;SSHOC;1;;
names;SSHOC, Zotero (KONDE);2;;
natural sciences;SSHOC;1;;
nepali;SSHOC;1;;
nes;SSHOC;1;;
netflix;SSHOC;1;;
neuma quality dashboard;SSHOC;1;;
new york times;SSHOC;1;;
newgate;SSHOC;1;;
news articles;SSHOC;1;;
newspaper;SSHOC;1;;
nexus;SSHOC;1;;
ngrams;SSHOC;1;;
nineteenth century;SSHOC;1;;
noaa;SSHOC;1;;
nodes;SSHOC;1;;
non invasive analysis;SSHOC;1;;
nonfiction;SSHOC;1;;
north america;SSHOC;1;;
northern ireland;SSHOC;1;;
norwegian.norwegian;SSHOC;1;;
novels;SSHOC;1;;
nutrition;SSHOC;1;;
obesity;SSHOC;1;;
ocr htr;SSHOC;1;;
odd;SSHOC;1;;
old bailey;SSHOC;1;;
old english;SSHOC;1;;
omeka;SSHOC;1;;
(meta)data;SSHOC;1;;
(quantitative) survey research;SSHOC;1;;
open research;SSHOC;1;;
oral history;SSHOC;1;;
oral literature;SSHOC;1;;
other humanities;SSHOC;1;;
other social sciences;SSHOC;1;;
ottoman;SSHOC;1;;
ottoman palette;SSHOC;1;;
outdoor bronze monuments;SSHOC;1;;
painted stone sculptures;SSHOC;1;;
paintings;SSHOC;1;;
pakistan;SSHOC;1;;
paris;SSHOC;1;;
peer review;SSHOC;1;;
persian;SSHOC;1;;
personal narratives;SSHOC;1;;
personography;SSHOC;1;;
philosophy, ethics & religion;SSHOC;1;;
phonetics;SSHOC;1;;
photodecomposition;SSHOC;1;;
photos;SSHOC;1;;
phrases;SSHOC;1;;
pidgins;SSHOC;1;;
pigments;SSHOC;1;;
pill;SSHOC;1;;
place names;SSHOC;1;;
placeography;SSHOC;1;;
plaintext;SSHOC;1;;
plastics;SSHOC;1;;
plays;SSHOC;1;;
podcast;SSHOC;1;;
point cloud;SSHOC;1;;
pokec;SSHOC;1;;
police data;SSHOC;1;;
policies;SSHOC;1;;
policy positions;SSHOC;1;;
polish;SSHOC;1;;
political sciences;SSHOC;1;;
pop;SSHOC;1;;
portable ftir;SSHOC;1;;
portable techniques;SSHOC;1;;
portrait;SSHOC;1;;
portugal;SSHOC;1;;
portuguese;SSHOC;1;;
pos;SSHOC;1;;
post 45;SSHOC;1;;
post medieval archaeology;SSHOC;1;;
predicates;SSHOC;1;;
predictions;SSHOC;1;;
prescriptions;SSHOC;1;;
prison;SSHOC;1;;
production;SSHOC;1;;
products;SSHOC;1;;
pronunciation;SSHOC;1;;
proper name disambiguation;SSHOC;1;;
pspp;SSHOC;1;;
publication;SSHOC;1;;
publishers weekly;SSHOC;1;;
publishing industry;SSHOC;1;;
pubs;SSHOC;1;;
qualitative data;SSHOC;1;;
questions;SSHOC;1;;
r;SSHOC, Zotero (KONDE);2;;
race;SSHOC;1;;
race films;SSHOC;1;;
racism;SSHOC;1;;
raman;SSHOC;1;;
raman spectroscopy;SSHOC;1;;
random forest;SSHOC;1;;
ratings;SSHOC;1;;
raw;SSHOC;1;;
readership;SSHOC;1;;
reasoning;SSHOC, TaDiRAH;2;;
reception;SSHOC;1;;
recommendation;SSHOC;1;;
recommended;SSHOC;1;;
reddit;SSHOC;1;;
reference;SSHOC;1;;
refugees;SSHOC;1;;
regression;SSHOC;1;;
religious documents;SSHOC;1;;
reporting guidelines;SSHOC;1;;
repositories;SSHOC;1;;
required training;SSHOC;1;;
requirements for tools and services;SSHOC;1;;
research;SSHOC, Zotero (KONDE);2;;
research institutes;SSHOC;1;;
research data center;SSHOC;1;;
research notebook;SSHOC;1;;
research scenario;SSHOC;1;;
resolutions;SSHOC;1;;
reviews;SSHOC, Zotero (KONDE);2;;
roman empire;SSHOC;1;;
romanian;SSHOC;1;;
romansh;SSHOC;1;;
russian;SSHOC;1;;
sacred texts;SSHOC;1;;
saudi arabic;SSHOC;1;;
schematron;SSHOC;1;;
scholarly communications;SSHOC;1;;
scholarly communication;SSHOC;1;;
scottish;SSHOC;1;;
search;SSHOC;1;;
sega genesis;SSHOC;1;;
segmentation;SSHOC;1;;
semeval;SSHOC;1;;
sentiment;SSHOC;1;;
serbian;SSHOC;1;;
serial fiction;SSHOC;1;;
sermons;SSHOC;1;;
services;SSHOC;1;;
shakespeare;SSHOC;1;;
sibelius;SSHOC;1;;
sign languages;SSHOC;1;;
signed languages;SSHOC;1;;
silent films;SSHOC;1;;
silicon valley;SSHOC;1;;
similarity;SSHOC;1;;
sin;SSHOC;1;;
singapore;SSHOC;1;;
singapore english;SSHOC;1;;
slave trade;SSHOC;1;;
slavery;SSHOC;1;;
slavic;SSHOC;1;;
slovak;SSHOC;1;;
slovakia;SSHOC;1;;
slovene;SSHOC;1;;
sms;SSHOC;1;;
snes;SSHOC;1;;
social;SSHOC;1;;
social computing;SSHOC;1;;
social links;SSHOC;1;;
social network;SSHOC;1;;
social networks;SSHOC;1;;
social policy;SSHOC;1;;
social & economic geography;SSHOC;1;;
social media data;SSHOC;1;;
societal challenges;SSHOC;1;;
sociology;SSHOC;1;;
software repository;SSHOC;1;;
song of ice and fire;SSHOC;1;;
sonnets;SSHOC;1;;
soqotra;SSHOC;1;;
soqotri;SSHOC;1;;
southern united states;SSHOC;1;;
spanish;SSHOC;1;;
speech recognition;SSHOC;1;;
spelling correction;SSHOC;1;;
spelling errors;SSHOC;1;;
spelling variation;SSHOC;1;;
spotify;SSHOC;1;;
spss;SSHOC;1;;
squeeze;SSHOC;1;;
standards;SSHOC;1;;
standards, databases;SSHOC;1;;
stata;SSHOC;1;;
statistical analysis;SSHOC;1;;
stop words;SSHOC;1;;
stopwords;SSHOC;1;;
subsets;SSHOC;1;;
subtitles;SSHOC;1;;
sumerian;SSHOC;1;;
survey data;SSHOC;1;;
swahili;SSHOC;1;;
sweden;SSHOC;1;;
swedish;SSHOC;1;;
sydney;SSHOC;1;;
syllables;SSHOC;1;;
symmetry calculations;SSHOC;1;;
synchrotron radiation;SSHOC;1;;
syntax;SSHOC;1;;
t docs;SSHOC;1;;
t resource;SSHOC;1;;
tagalog;SSHOC;1;;
tamil;SSHOC;1;;
task 2.1.2;SSHOC;1;;
task 2.1.3;SSHOC;1;;
tbx in tei;SSHOC;1;;
tcp;SSHOC;1;;
technology;SSHOC, Zotero (KONDE);2;;
television;SSHOC;1;;
telugu;SSHOC;1;;
term frequencies;SSHOC;1;;
terminologies;SSHOC;1;;
test data;SSHOC;1;;
text;SSHOC, Zotero (KONDE);2;;
text messaging;SSHOC, TaDiRAH;2;;
text annotation;SSHOC;1;;
textual reuse;SSHOC;1;;
thai;SSHOC;1;;
thermal effects;SSHOC;1;;
thesaurus, social science, resource discovery;SSHOC;1;;
thomas gray;SSHOC;1;;
tibetan buddhim;SSHOC;1;;
title;SSHOC;1;;
tokens;SSHOC;1;;
tool;SSHOC;1;;
toolsservices;SSHOC;1;;
topic modeling;SSHOC, TaDiRAH, Zotero (KONDE);3;;
trademarks;SSHOC;1;;
training data;SSHOC;1;;
training, education;SSHOC;1;;
transcripts;SSHOC;1;;
translation;SSHOC;1;;
trivia;SSHOC;1;;
turkey;SSHOC;1;;
turkish;SSHOC;1;;
turkmen;SSHOC;1;;
tutorial;SSHOC;1;;
tweets;SSHOC;1;;
twitch;SSHOC;1;;
twitter;SSHOC;1;;
txtlab;SSHOC;1;;
typos;SSHOC;1;;
uav;SSHOC;1;;
ukrainian;SSHOC;1;;
united kingdom;SSHOC;1;;
united nations;SSHOC;1;;
united states;SSHOC;1;;
urdu;SSHOC;1;;
usa;SSHOC;1;;
use case;SSHOC;1;;
users needs;SSHOC;1;;
uzbek;SSHOC;1;;
vai script;SSHOC;1;;
value of open data;SSHOC;1;;
venice;SSHOC;1;;
verovio;SSHOC;1;;
vexflow;SSHOC;1;;
video;SSHOC;1;;
video games;SSHOC;1;;
vietnamese;SSHOC;1;;
viewer;SSHOC;1;;
violence;SSHOC;1;;
vlo;SSHOC;1;;
volapük;SSHOC;1;;
volcanic rock;SSHOC;1;;
voting;SSHOC;1;;
voyages;SSHOC;1;;
walloon;SSHOC;1;;
wavelength dispersive spectrometer;SSHOC;1;;
weather;SSHOC;1;;
web data;SSHOC;1;;
web scraping;SSHOC, TaDiRAH;2;;
web3d;SSHOC;1;;
webgl;SSHOC;1;;
weblicht;SSHOC;1;;
website;SSHOC;1;;
websites;SSHOC;1;;
welsh;SSHOC;1;;
western frisian;SSHOC;1;;
who;SSHOC;1;;
wikipedia;SSHOC, Zotero (KONDE);2;;
womens history;SSHOC;1;;
word counts;SSHOC;1;;
workflows;SSHOC;1;;
workplace;SSHOC;1;;
world english;SSHOC;1;;
world literature;SSHOC;1;;
world religion;SSHOC;1;;
writing systems;SSHOC;1;;
x ray absorption;SSHOC;1;;
x ray diffraction;SSHOC;1;;
x ray fluorescence;SSHOC;1;;
xrf;SSHOC;1;;
xrf mapping;SSHOC;1;;
xsl;SSHOC;1;;
yahoo;SSHOC;1;;
yiddish;SSHOC;1;;
youtube;SSHOC;1;;
zip;SSHOC;1;;
abstract thinking;TaDiRAH;1;;
adding;TaDiRAH;1;;
aggregating;TaDiRAH;1;;
analyzing;TaDiRAH;1;;
annotating;TaDiRAH, Zotero (KONDE);2;;
archiving;TaDiRAH, Zotero (KONDE);2;;
associate;TaDiRAH;1;;
associating;TaDiRAH;1;;
audio annotation;TaDiRAH;1;;
audio conferencing;TaDiRAH;1;;
bit stream preservation;TaDiRAH;1;;
blogging;TaDiRAH;1;;
browsing;TaDiRAH;1;;
capturing;TaDiRAH;1;;
cataloging;TaDiRAH;1;;
cluster analysis;TaDiRAH;1;;
co-occurrence;TaDiRAH;1;;
collaborating;TaDiRAH, Zotero (KONDE);2;;
collating;TaDiRAH;1;;
collecting;TaDiRAH;1;;
collocation analysis;TaDiRAH;1;;
commenting;TaDiRAH;1;;
communicating;TaDiRAH, Zotero (KONDE);2;;
comparing;TaDiRAH;1;;
compiling;TaDiRAH;1;;
conceptualizing;TaDiRAH, Zotero (KONDE);2;;
concordance;TaDiRAH;1;;
contextualizing;TaDiRAH;1;;
contrastive analysis;TaDiRAH;1;;
converting;TaDiRAH;1;;
correcting;TaDiRAH;1;;
creating;TaDiRAH;1;;
cropping;TaDiRAH;1;;
data cleansing;TaDiRAH;1;;
data ingestion;TaDiRAH;1;;
data mapping;TaDiRAH;1;;
data mining;TaDiRAH;1;;
data recognition;TaDiRAH, Zotero (KONDE);2;;
data visualization;TaDiRAH;1;;
debugging;TaDiRAH;1;;
defining;TaDiRAH;1;;
designing;TaDiRAH;1;;
diagramming;TaDiRAH;1;;
digital object identifier;TaDiRAH;1;;
digital publishing;TaDiRAH;1;;
discovering;TaDiRAH, Zotero (KONDE);2;;
discussing;TaDiRAH;1;;
disseminating;TaDiRAH;1;;
distance measures;TaDiRAH;1;;
doi;TaDiRAH;1;;
drawing;TaDiRAH;1;;
e-mailing;TaDiRAH;1;;
editing;TaDiRAH, Zotero (KONDE);2;;
emulation;TaDiRAH;1;;
encoding;TaDiRAH, Zotero (KONDE);2;;
enriching;TaDiRAH;1;;
explanation;TaDiRAH;1;;
exploration;TaDiRAH;1;;
expressing opinion;TaDiRAH;1;;
extracting;TaDiRAH;1;;
finding;TaDiRAH;1;;
formatting;TaDiRAH;1;;
gathering;TaDiRAH;1;;
genre recognition;TaDiRAH;1;;
graphics programming;TaDiRAH;1;;
highlighting;TaDiRAH;1;;
identifier;TaDiRAH;1;;
identifying;TaDiRAH, Zotero (KONDE);2;;
imaging;TaDiRAH, Zotero (KONDE);2;;
improving;TaDiRAH;1;;
information mining;TaDiRAH;1;;
information retrieval;TaDiRAH;1;;
instant messaging;TaDiRAH;1;;
integrating;TaDiRAH;1;;
interpreting;TaDiRAH;1;;
knowledge discovery;TaDiRAH;1;;
knowledge extraction;TaDiRAH;1;;
lemmatizing;TaDiRAH;1;;
lettering;TaDiRAH;1;;
managing;TaDiRAH;1;;
merging;TaDiRAH;1;;
microblogging;TaDiRAH;1;;
mind mapping;TaDiRAH;1;;
ml;TaDiRAH;1;;
modeling;TaDiRAH, Zotero (KONDE);2;;
modifying;TaDiRAH;1;;
named entity recognition;TaDiRAH;1;;
naming convention;TaDiRAH;1;;
omr;TaDiRAH;1;;
optical music recognition;TaDiRAH;1;;
organizing;TaDiRAH, Zotero (KONDE);2;;
pattern recognition;TaDiRAH;1;;
persistent identifier;TaDiRAH;1;;
photographing;TaDiRAH;1;;
pid;TaDiRAH;1;;
plotting;TaDiRAH;1;;
posting;TaDiRAH;1;;
preprocessing;TaDiRAH;1;;
preservation metadata;TaDiRAH;1;;
preserving;TaDiRAH;1;;
principal component analysis;TaDiRAH;1;;
pseudo coding;TaDiRAH;1;;
publishing;TaDiRAH, Zotero (KONDE);2;;
querying;TaDiRAH;1;;
recording;TaDiRAH;1;;
relational analysis;TaDiRAH, Zotero (KONDE);2;;
removing;TaDiRAH;1;;
replication;TaDiRAH;1;;
rhetorical analysis;TaDiRAH;1;;
screencast;TaDiRAH;1;;
searching;TaDiRAH;1;;
segmenting;TaDiRAH;1;;
semantification;TaDiRAH;1;;
sequence alignment;TaDiRAH;1;;
sharing;TaDiRAH, Zotero (KONDE);2;;
social networking;TaDiRAH;1;;
spatial analysis;TaDiRAH;1;;
speech recognizing;TaDiRAH;1;;
storing;TaDiRAH;1;;
structural analysis;TaDiRAH, Zotero (KONDE);2;;
stylistic analysis;TaDiRAH, Zotero (KONDE);2;;
stylometry;TaDiRAH, Zotero (KONDE);2;;
subtracting;TaDiRAH;1;;
supplementing;TaDiRAH;1;;
text categorization;TaDiRAH;1;;
theorizing;TaDiRAH, Zotero (KONDE);2;;
transcoding;TaDiRAH;1;;
transcribing;TaDiRAH;1;;
transformation;TaDiRAH;1;;
translating;TaDiRAH;1;;
tree-tagging;TaDiRAH;1;;
tweet;TaDiRAH;1;;
uniform resource identifier;TaDiRAH;1;;
upload;TaDiRAH;1;;
uri;TaDiRAH;1;;
user generated content;TaDiRAH;1;;
versioning;TaDiRAH;1;;
video capture;TaDiRAH;1;;
video conference;TaDiRAH;1;;
video editing;TaDiRAH;1;;
visual analysis;TaDiRAH;1;;
visual annotation;TaDiRAH;1;;
web crawling;TaDiRAH;1;;
web development;TaDiRAH;1;;
wireframing;TaDiRAH;1;;
writing;TaDiRAH, Zotero (KONDE);2;;
name;Zotero (KONDE);1;;
550 geowissenschaften;Zotero (KONDE);1;;
alphabetisch katalogisieren;Zotero (KONDE);1;;
anthropologie;Zotero (KONDE);1;;
architektur;Zotero (KONDE);1;;
ausgedruckt;Zotero (KONDE);1;;
bibliografie;Zotero (KONDE);1;;
computerlinguistik;Zotero (KONDE);1;;
diskurs analyse;Zotero (KONDE);1;;
diskurs analyse - informatik - methoden;Zotero (KONDE);1;;
diskurs analyse - literatur - informatik;Zotero (KONDE);1;;
event-modell;Zotero (KONDE);1;;
forschungsdatenmanagement;Zotero (KONDE);1;;
geowissenschaften;Zotero (KONDE);1;;
geschichtswissenschaft;Zotero (KONDE);1;;
grafische industrie;Zotero (KONDE);1;;
informatiesystemen;Zotero (KONDE);1;;
administration;Zotero (KONDE);1;;
agenda;Zotero (KONDE);1;;
agora;Zotero (KONDE);1;;
android;Zotero (KONDE);1;;
aristoteles;Zotero (KONDE);1;;
broch, hermann;Zotero (KONDE);1;;
digital;Zotero (KONDE);1;;
google;Zotero (KONDE);1;;
hcr;Zotero (KONDE);1;;
hellespont;Zotero (KONDE);1;;
heml;Zotero (KONDE);1;;
internet;Zotero (KONDE);1;;
intro;Zotero (KONDE);1;;
lode;Zotero (KONDE);1;;
sem;Zotero (KONDE);1;;
kropač, i.h.;Zotero (KONDE);1;;
thaller, manfred;Zotero (KONDE);1;;
berlin (hu);Zotero (KONDE);1;;
bochum;Zotero (KONDE);1;;
kiel;Zotero (KONDE);1;;
tübingen;Zotero (KONDE);1;;
academic;Zotero (KONDE);1;;
academics;Zotero (KONDE);1;;
conversion;Zotero (KONDE);1;;
preservation;Zotero (KONDE);1;;
query/retrieve;Zotero (KONDE);1;;
teaching/learning;Zotero (KONDE);1;;
visualizing;Zotero (KONDE);1;;
active learning;Zotero (KONDE);1;;
activism;Zotero (KONDE);1;;
analyze qualitatively;Zotero (KONDE);1;;
analyze quantitatively;Zotero (KONDE);1;;
annotate;Zotero (KONDE);1;;
assess;Zotero (KONDE);1;;
authenticate;Zotero (KONDE);1;;
collaborate;Zotero (KONDE);1;;
collect;Zotero (KONDE);1;;
compare;Zotero (KONDE);1;;
conceptualize;Zotero (KONDE);1;;
create;Zotero (KONDE);1;;
digitize;Zotero (KONDE);1;;
encode;Zotero (KONDE);1;;
enrich;Zotero (KONDE);1;;
gather;Zotero (KONDE);1;;
interpret;Zotero (KONDE);1;;
reflect;Zotero (KONDE);1;;
simulate;Zotero (KONDE);1;;
visualize;Zotero (KONDE);1;;
address book;Zotero (KONDE);1;;
administration technological innovations;Zotero (KONDE);1;;
africa;Zotero (KONDE);1;;
age;Zotero (KONDE);1;;
agriculture;Zotero (KONDE);1;;
aims news;Zotero (KONDE);1;;
altered books;Zotero (KONDE);1;;
american;Zotero (KONDE);1;;
american historical association;Zotero (KONDE);1;;
american historical review;Zotero (KONDE);1;;
american history;Zotero (KONDE);1;;
american social history project;Zotero (KONDE);1;;
analysis;Zotero (KONDE);1;;
analytics;Zotero (KONDE);1;;
analyze statistically;Zotero (KONDE);1;;
ancient;Zotero (KONDE);1;;
annotation system design;Zotero (KONDE);1;;
app;Zotero (KONDE);1;;
applications and critiques;Zotero (KONDE);1;;
art / general;Zotero (KONDE);1;;
attribution of authorship;Zotero (KONDE);1;;
automatic linguistic analysis;Zotero (KONDE);1;;
biography;Zotero (KONDE);1;;
book;Zotero (KONDE);1;;
books and literature;Zotero (KONDE);1;;
business cycles;Zotero (KONDE);1;;
census;Zotero (KONDE);1;;
changes in language over time;Zotero (KONDE);1;;
chemistry;Zotero (KONDE);1;;
cognates;Zotero (KONDE);1;;
collaboration;Zotero (KONDE);1;;
colleges and universities;Zotero (KONDE);1;;
commitment building;Zotero (KONDE);1;;
communication in learning and scholarship;Zotero (KONDE);1;;
computer network resources;Zotero (KONDE);1;;
computers;Zotero (KONDE);1;;
computers / computer science;Zotero (KONDE);1;;
computers / electronic publishing;Zotero (KONDE);1;;
computers / natural language processing;Zotero (KONDE);1;;
conferences;Zotero (KONDE);1;;
consumer;Zotero (KONDE);1;;
contextual feature;Zotero (KONDE);1;;
criticism, textual;Zotero (KONDE);1;;
criticism, textual y;Zotero (KONDE);1;;
cv;Zotero (KONDE);1;;
data anaylsis;Zotero (KONDE);1;;
data federation;Zotero (KONDE);1;;
data processing;Zotero (KONDE);1;;
compling;Zotero (KONDE);1;;
education / research;Zotero (KONDE);1;;
electronic data processing;Zotero (KONDE);1;;
electronic publishing;Zotero (KONDE);1;;
electronic records;Zotero (KONDE);1;;
events ml;Zotero (KONDE);1;;
frbr;Zotero (KONDE);1;;
german literature;Zotero (KONDE);1;;
capture;Zotero (KONDE);1;;
dissemination;Zotero (KONDE);1;;
enrichment;Zotero (KONDE);1;;
interpretation;Zotero (KONDE);1;;
storage;Zotero (KONDE);1;;
header;Zotero (KONDE);1;;
history / australia & new zealand;Zotero (KONDE);1;;
history matters;Zotero (KONDE);1;;
history teaching;Zotero (KONDE);1;;
information storage and retrieval systems;Zotero (KONDE);1;;
italian philology study and teaching y;Zotero (KONDE);1;;
journal of american history';Zotero (KONDE);1;;
journalism;Zotero (KONDE);1;;
language arts & disciplines / library & information science / general;Zotero (KONDE);1;;
language arts & disciplines / publishing;Zotero (KONDE);1;;
literary criticism / american / general;Zotero (KONDE);1;;
literary criticism / european / english, irish, scottish, welsh;Zotero (KONDE);1;;
literary criticism / general;Zotero (KONDE);1;;
assessing;Zotero (KONDE);1;;
define policy;Zotero (KONDE);1;;
give overview;Zotero (KONDE);1;;
method;Zotero (KONDE);1;;
methodology;Zotero (KONDE);1;;
any object;Zotero (KONDE);1;;
artefacts;Zotero (KONDE);1;;
code;Zotero (KONDE);1;;
data/databases;Zotero (KONDE);1;;
infrastructures;Zotero (KONDE);1;;
vres;Zotero (KONDE);1;;
knowledge;Zotero (KONDE);1;;
texts;Zotero (KONDE);1;;
outline of american history;Zotero (KONDE);1;;
part;Zotero (KONDE);1;;
prinon_demand;Zotero (KONDE);1;;
scholarships;Zotero (KONDE);1;;
textual criticism;Zotero (KONDE);1;;
top;Zotero (KONDE);1;;
thesis (ma level);Zotero (KONDE);1;;
thesis (phd level);Zotero (KONDE);1;;
uncategorized;Zotero (KONDE);1;;
cologne;Zotero (KONDE);1;;
vol. 2, no. 1 winter 2012;Zotero (KONDE);1;;
web;Zotero (KONDE);1;;
web site development;Zotero (KONDE);1;;
where;Zotero (KONDE);1;;
whole earth catalogue;Zotero (KONDE);1;;
x_astree;Zotero (KONDE);1;;
x-check;Zotero (KONDE);1;;
acceso;Zotero (KONDE);1;;
ailion;Zotero (KONDE);1;;
àlex;Zotero (KONDE);1;;
amerikaanse letterkunde;Zotero (KONDE);1;;
analyse des données;Zotero (KONDE);1;;
bellissimo;Zotero (KONDE);1;;
casa sarmento;Zotero (KONDE);1;;
computerarchitectuur. operating systems;Zotero (KONDE);1;;
critique génétique;Zotero (KONDE);1;;
curiosité_perso;Zotero (KONDE);1;;
édition génétique;Zotero (KONDE);1;;
engelse letterkunde;Zotero (KONDE);1;;
exploration de données;Zotero (KONDE);1;;
franse letterkunde;Zotero (KONDE);1;;
humanités numériques;Zotero (KONDE);1;;
letterkunde;Zotero (KONDE);1;;
lexicométrie;Zotero (KONDE);1;;
literaire semiotiek;Zotero (KONDE);1;;
littérature;Zotero (KONDE);1;;
livres numériques;Zotero (KONDE);1;;
statistique lexicale;Zotero (KONDE);1;;
textométrie;Zotero (KONDE);1;;
