hasSubject;Häufigkeit;Nichtbeachtung weil;Aufnahme weil;Anmerkung
pottery fragments;11805;;;
Geschichte;2940;Disziplin;;
Grundbuch;2940;;;
historic administrative units;2650;;;
GIS;2649;;;
Brief;2293;;;
D.K.BRF;2293;zu speziell/nicht wiederverwendbar;;
Durchschlag;1581;;;
Typoskript;1348;;;
aerial warfare;959;;;
Second world war;959;Periode/Phase;;
Zwischenkriegszeit;958;Periode/Phase;;
multilingualism;788;;;
English as a lingua franca;787;;;
interaction;787;zu allgemein/nicht aussagekräftig;;
interculturality;787;;;
Druck;690;;;
Landgericht;591;;;
District Captaincy;590;;;
pottery;359;;;"Ähnlichkeit mit ""pottery fragments"""
Zeitungsartikel;354;;;
D.P.ZTA;352;zu speziell/nicht wiederverwendbar;;
Bezirksamt;318;;;
part-of-speech tagging;317;;;https://vocabs.dariah.eu/tadirah/posTagging
lemmatization;315;;;https://vocabs.dariah.eu/tadirah/lemmatizing
Mappe;296;;;
D.J.MAP;292;zu speziell/nicht wiederverwendbar;;
Originalmappe;292;;;
Manuskript;256;;;
Kopie;221;;;
Aktenvermerk;201;;;
D.J.AKV;201;zu speziell/nicht wiederverwendbar;;
Beschluss;182;;;
D.J.BSS;182;zu speziell/nicht wiederverwendbar;;
County;177;;;
Antrag;160;;;
D.J.ANT;160;zu speziell/nicht wiederverwendbar;;
word tokenization;157;;;
Typoskript mit handschriftlichen Überarbeitungen;154;;;
Durchschlag mit handschriftlichen Überarbeitungen;150;;;
Karl Kraus;141;Eigenname;;
S.F.KRA;141;zu speziell/nicht wiederverwendbar;;
C.S.PRI;135;zu speziell/nicht wiederverwendbar;;
Privatanklagedelikt;135;;;
R.F.STR;134;zu speziell/nicht wiederverwendbar;;
Strafrecht;134;Disziplin;;
Buchgeschichte;126;Disziplin;;
Geschichte des Lesens;126;Disziplin;;
privater Buchbesitz;126;;;
Durchschlag mit handschriftlichen Annotationen;120;;;
Typoskript mit handschriftlichen Annotationen;120;;;
D.J.URT;109;Disziplin;;
Pensionierung;109;;;
Urteil;109;;;
Benachrichtigung;108;;;
D.J.BEN;108;zu speziell/nicht wiederverwendbar;;
leisure conversation;105;;;
D.J.PKL;100;zu speziell/nicht wiederverwendbar;;
Protokoll;100;;;
D.J.PKG;95;zu speziell/nicht wiederverwendbar;;
Privatanklage;95;;;
D.J.LAD;87;zu speziell/nicht wiederverwendbar;;
Ladung;87;;;
D.J.STZ;84;zu speziell/nicht wiederverwendbar;;
Schriftsatz;84;;;
Preßrechtsverstoß;81;;;
T.F.PRE;81;zu speziell/nicht wiederverwendbar;;
Kingdom;79;;;
D.K.RKS;78;zu speziell/nicht wiederverwendbar;;
Rückschein;78;;;
Province;75;;;
County (administrative unit);71;;;"Ähnlichkeit mit ""County"""
C.S.PRE;69;zu speziell/nicht wiederverwendbar;;
Pressedelikt;69;;;
Pressrecht;69;;;
R.F.PRE;69;zu speziell/nicht wiederverwendbar;;
amtsfreie Stadt;68;;;
professional organizational working group discussion;65;;;
Verwaltung;65;;;
Durchschlag mit handschriftlichen Annotationen;63;;;"Ähnlichkeit mit ""Durchschlag mit handschriftlichen Annotationen"""
Kreis;63;;;
Governmental District;62;;;
Typoskript mit handschriftlichen Annotationen;62;;;"Ähnlichkeit mit ""Typoskript mit handschriftlichen Annotationen"""
Typoskript mit handschriftlichen Überarbeitungen;61;;;"Ähnlichkeit mit ""Typoskript mit handschriftlichen Annotationen"""
professional organizational meeting;60;;;
Durchschlag mit handschriftlichen Überarbeitungen;56;;;"Ähnlichkeit mit ""Durchschlag mit handschriftlichen Annotationen"""
Mitbestimmung;53;;;
educational workshop discussion;50;;;
R.F.SON;50;zu speziell/nicht wiederverwendbar;;
Sonstiger Rechtsbereich;50;Disziplin;;
D.J.ENW;49;zu speziell/nicht wiederverwendbar;;
Entwurf (jur.);49;;;
Außergerichtliche Erledigung;48;;;
E.F.AGE;48;zu speziell/nicht wiederverwendbar;;
Umschlag;48;;;
Demokratisierung;46;;;
D.J.UMS;44;zu speziell/nicht wiederverwendbar;;
D.K.PKT;44;zu speziell/nicht wiederverwendbar;;
Originalumschlag;44;;;
Postkarte;44;;;
D.J.VRS;43;zu speziell/nicht wiederverwendbar;;
Verständigung;43;;;
Statutory City;42;;;
D.K.EBS;41;zu speziell/nicht wiederverwendbar;;
Erhaltsbestätigung;41;;;
D.J.KFS;40;zu speziell/nicht wiederverwendbar;;
Imperial Circle;40;;;
Kostenfestsetzung;40;;;
professional business meeting;40;;;
professional organizational workshop discussion;40;;;
Berichtigung (Ausgang);39;;;
E.F.AEB;39;zu speziell/nicht wiederverwendbar;;
tschechoslowak. Staatsdienst;39;;;
Berufungsausführung;37;;;
D.J.BAF;37;zu speziell/nicht wiederverwendbar;;
D.J.MIT;37;zu speziell/nicht wiederverwendbar;;
Mitteilung;37;;;
Ehrenbeleidigung;35;;;
professional research/science conversation;35;;;
T.F.EHR;35;zu speziell/nicht wiederverwendbar;;
Suburb;34;;;
Duchy;33;;;
Beschwerde;32;;;
conversation;32;;;
D.J.BSW;32;zu speziell/nicht wiederverwendbar;;
D.J.VRN;32;zu speziell/nicht wiederverwendbar;;
interview;32;;;
meeting;32;;;
panel;32;;;
press conference;32;;;
question-answer session;32;;;
Repression;32;;;
seminar discussion;32;;;
service encounter;32;;;
Vernehmung;32;;;
working group discussion;32;;;"Ähnlichkeit mit ""seminar discussion"""
workshop discussion;32;;;"Ähnlichkeit mit ""seminar discussion"""
zwischenstaatliche Verhandlung;32;;;
D.K.TGR;31;zu speziell/nicht wiederverwendbar;;
Telegramm;31;;;
Ausgang unklar;30;;;
E.F.AUS;30;zu speziell/nicht wiederverwendbar;;
educational seminar discussion;30;;;
professional business service encounter;30;;;
professional research/science interview;30;;;
professional research/science panel;30;;;
professional research/science question-answer session;30;;;
D.J.UBR;29;zu speziell/nicht wiederverwendbar;;
Gericht;29;;;
Übersetzung;29;;;
D.J.BRG;28;zu speziell/nicht wiederverwendbar;;
D.J.KLG;28;zu speziell/nicht wiederverwendbar;;
E.F.VER;28;zu speziell/nicht wiederverwendbar;;
Klage;28;;;
Verurteilung;28;;;
Auftrag;27;;;
D.J.AUF;27;zu speziell/nicht wiederverwendbar;;
D.J.ERK;26;zu speziell/nicht wiederverwendbar;;
D.J.NOT;26;zu speziell/nicht wiederverwendbar;;
D.J.SFE;26;zu speziell/nicht wiederverwendbar;;
Erklärung (jur.);26;;;
Lohnforderung;26;;;
Notiz;26;;;
Personalvertretung;26;;;
Ruhestand;26;;;
Vorrückung;26;;;
educational interview;25;;;
educational service encounter;25;;;
educational working group discussion;25;;;"Ähnlichkeit mit ""seminar discussion"""
leisure interview;25;;;
professional organizational press conference;25;;;"Ähnlichkeit mit ""press conference"""
Staatsbedienstetenorganisationen;25;;;
Berichtigung (jur.);24;;;
Empire;24;;;
zwischenstaatliche Vereinbarung;24;;;
Landeskommissariat;23;;;
Bitte;22;;;
D.J.BIT;22;zu speziell/nicht wiederverwendbar;;
Strafanzeige;22;;;
Archivrecherchen;21;;;
Beweisantrag;21;;;
Byzantinische Burg;21;;;
Canabae;21;;;
D.J.BWN;21;zu speziell/nicht wiederverwendbar;;
Die Stunde, Békessy;21;;;
Forschungsgeschichte;21;Disziplin;;
Hügelgräber;21;;;
K.K.STU;21;zu speziell/nicht wiederverwendbar;;
Keramik;21;;;
Lagervorstadt;21;;;
Legionslager;21;;;
Munizipium;21;;;
Nekropole;21;;;
Siedlungstopographie;21;;;
Streik;21;;;
Surveyartefakte;21;;;
Wasserversorgung;21;;;
Beamtenorganisation;20;;;
educational conversation;20;;;
professional business panel;20;;;
professional business question-answer session;20;;;
deutschösterr. Regierung;19;;;
K.P.SOZ;19;zu speziell/nicht wiederverwendbar;;
Sozialdemokratie;19;;;
Berufungsanmeldung;18;;;
D.J.BAN;18;zu speziell/nicht wiederverwendbar;;
Die Fackel;18;;;
Druck mit handschriftlichen Annotationen;18;;;
K.K.FAC;18;zu speziell/nicht wiederverwendbar;;
R.F.ZIV;18;zu speziell/nicht wiederverwendbar;;
T.F.URV;18;zu speziell/nicht wiederverwendbar;;
Urheberrechtsverletzung;18;;;
Zivilrecht;18;Disziplin;;
Anklageschrift;17;;;
Gewerkschaft;17;;;
Beförderung;16;;;
D.J.ERG;16;zu speziell/nicht wiederverwendbar;;
Ergänzung;16;;;
Koalitionsfreiheit;16;;;
Bescheid;15;;;
Bestätigung;15;;;
Bevollmächtiger;15;;;
D.J.AKS;15;zu speziell/nicht wiederverwendbar;;
D.J.BSD;15;zu speziell/nicht wiederverwendbar;;
D.J.BST;15;zu speziell/nicht wiederverwendbar;;
professional organizational conversation;15;;;
Äußerung;14;;;
D.J.AUG;14;zu speziell/nicht wiederverwendbar;;
D.J.ERL;14;zu speziell/nicht wiederverwendbar;;
D.J.KOB;14;zu speziell/nicht wiederverwendbar;;
D.P.ZTG;14;zu speziell/nicht wiederverwendbar;;
E.F.FRE;14;zu speziell/nicht wiederverwendbar;;
E.F.VGL;14;zu speziell/nicht wiederverwendbar;;
Erlagschein;14;;;
Freispruch;14;;;
High-Bailiwick;14;;;
Kostenaufstellung;14;;;
Principality;14;;;
Seat;14;;;
Vergleich (Ausgang);14;;;
Beleg (jur.);13;;;
D.J.BEL;13;zu speziell/nicht wiederverwendbar;;
D.J.RNG;13;zu speziell/nicht wiederverwendbar;;
Ernennung;13;;;
Griechenland;13;Ort;;
historical travel guides;13;;;
K.K.MED;13;zu speziell/nicht wiederverwendbar;;
Karl Baedeker;13;Eigenname;;
Lesbos;13;Ort;;
Medienhistorisches;13;Disziplin;;
Rechnung;13;;;
Berufung;12;;;
C.Z.STR;12;zu speziell/nicht wiederverwendbar;;
D.J.BRF;12;zu speziell/nicht wiederverwendbar;;
D.J.DKB;12;zu speziell/nicht wiederverwendbar;;
D.J.VOL;12;zu speziell/nicht wiederverwendbar;;
D.J.VRZ;12;zu speziell/nicht wiederverwendbar;;
Deckblatt;12;;;
educational;12;;;
Grand Duchy;12;;;
K.K.THE;12;zu speziell/nicht wiederverwendbar;;
leisure;12;;;
professional business;12;;;
professional organizational;12;zu allgemein/nicht aussagekräftig;;
professional research and science;12;;;
Sonstiger Materialitätstyp;12;;;
Streitige Zivilrechtssache;12;;;
Theater;12;;;
Verzeichnis;12;;;
Vollmacht;12;;;
Ausbildung;11;;;
Bundesländer;11;;;
D.J.ZAS;11;zu speziell/nicht wiederverwendbar;;
Föderalismus;11;;;
Fotografien;11;;;
Intertextualität;11;;;
Kündigung;11;;;
Literaturwissenschaft;11;Disziplin;;
Medienwissenschaft;11;Disziplin;;
Personalkommission;11;;;
Rechtsgeschichte;11;Disziplin;;
Zeugenaussage;11;;;
;11;;;
Abhandlung;10;;;
Bericht;10;;;
Betriebsrat;10;;;
Burgfrieden;10;;;
D.J.ABH;10;zu speziell/nicht wiederverwendbar;;
D.J.BER;10;zu speziell/nicht wiederverwendbar;;
D.J.KON;10;zu speziell/nicht wiederverwendbar;;
D.J.KSB;10;zu speziell/nicht wiederverwendbar;;
D.J.ZAT;10;zu speziell/nicht wiederverwendbar;;
D.J.ZUN;10;zu speziell/nicht wiederverwendbar;;
E.F.NIC;10;zu speziell/nicht wiederverwendbar;;
Friedensverhandlungen;10;;;
K.K.LIT;10;zu speziell/nicht wiederverwendbar;;
K.K.SCH;10;zu speziell/nicht wiederverwendbar;;
Kassabestätigung;10;;;
Konzept (jur.);10;;;
Literarische Berichtigung;10;;;
Nicht verfolgt;10;;;
Schober, 15. Juli 1927;10;;;
Staatsangestelltenkammer;10;;;
Ungleichbehandlung;10;;;
Zahlungsauftrag;10;;;
Zurücknahme;10;;;
Berliner Tageblatt, Kerr, Wolff;9;;;
D.J.LIS;9;zu speziell/nicht wiederverwendbar;;
D.J.VER;9;zu speziell/nicht wiederverwendbar;;
D.J.ZEB;9;zu speziell/nicht wiederverwendbar;;
D.K.RAD;9;zu speziell/nicht wiederverwendbar;;
Gemeindewahlrecht;9;;;
K.K.BER;9;zu speziell/nicht wiederverwendbar;;
Lohnverhandlung;9;;;
Militarismus;9;Disziplin;;
Privatrecht;9;Disziplin;;
R.F.PRI;9;zu speziell/nicht wiederverwendbar;;
Radiogramm;9;;;
Typoskript mit handschriftlicher Mitteilung;9;;;"Ähnlichkeit mit ""Typoskript mit handschriftlichen Annotationen"""
Vertrag;9;;;
Zahlungseingangsbestätigung;9;;;
Zeitung;9;;;
Aktennotiz;8;;;
Ansuchen;8;;;
Aufstellung;8;;;
D.J.AFS;8;zu speziell/nicht wiederverwendbar;;
D.J.AKN;8;zu speziell/nicht wiederverwendbar;;
D.J.ANS;8;zu speziell/nicht wiederverwendbar;;
Hofgericht;8;;;
Kommissionsbezirk der Provinzstadt;8;;;
Military Frontier;8;;;
polyglot dictionary;8;;;
18. Jahrhundert;7;Periode/Phase;;
Abrechnung;7;;;
Bibliographie;7;;;
bibliography;7;;;"Übersetzung von ""Bibliographie"""
Crownland;7;;;
D.J.ABR;7;zu speziell/nicht wiederverwendbar;;
D.J.ANW;7;zu speziell/nicht wiederverwendbar;;
D.J.VSR;7;zu speziell/nicht wiederverwendbar;;
D.L;7;zu speziell/nicht wiederverwendbar;;
Korrespondenz;7;;;
Liste (jur.);7;;;
Literarischer Text;7;;;
Publizistisches Dokument;7;;;
Rechtsnachfolge;7;;;
Sozialgeschichte;7;Disziplin;;
Tirol;7;Ort;;
Versetzung;7;;;
Versicherung;7;;;
Vertrauensmänner;7;;;
Anfrage;6;;;
Anweisung;6;;;
Aufforderung;6;;;
Berufungsschrift;6;;;
D.J.AFD;6;zu speziell/nicht wiederverwendbar;;
D.J.ANF;6;zu speziell/nicht wiederverwendbar;;
D.J.BRS;6;zu speziell/nicht wiederverwendbar;;
D.J.EIN;6;zu speziell/nicht wiederverwendbar;;
D.J.GTS;6;zu speziell/nicht wiederverwendbar;;
D.J.KBS;6;zu speziell/nicht wiederverwendbar;;
D.J.KLB;6;zu speziell/nicht wiederverwendbar;;
D.J.RUK;6;zu speziell/nicht wiederverwendbar;;
D.J.SAT;6;zu speziell/nicht wiederverwendbar;;
D.K.NCH;6;zu speziell/nicht wiederverwendbar;;
D.K.UMS;6;zu speziell/nicht wiederverwendbar;;
E.F.ZUR;6;zu speziell/nicht wiederverwendbar;;
Einspruch;6;;;
Free City;6;;;
Gesandtenkonferenz;6;;;
Gutschrift;6;;;
Hofmark;6;;;
K.K.VER;6;zu speziell/nicht wiederverwendbar;;
Klagebeantwortung;6;;;
Klagrückziehung;6;;;
Kostenbestimmungsbeschluss;6;;;
Nachricht;6;;;
Politische Parteien;6;;;
R.F.VER;6;zu speziell/nicht wiederverwendbar;;
Republic;6;;;
Staatsangestelltenrat;6;;;
Strafantrag;6;;;
Straferkenntnis;6;;;
Verlagswesen;6;;;
Verwaltungsrecht;6;Disziplin;;
Zurückziehung der Klage;6;;;
Archduchy;5;;;
C.K.KOR;5;zu speziell/nicht wiederverwendbar;;
C.Z.UNS;5;zu speziell/nicht wiederverwendbar;;
Crown Colony;5;;;
D.J.DOS;5;zu speziell/nicht wiederverwendbar;;
D.J.KSZ;5;zu speziell/nicht wiederverwendbar;;
D.P;5;zu speziell/nicht wiederverwendbar;;
Disziplinarrecht;5;Disziplin;;
Dossier;5;;;
E.F.EIN;5;zu speziell/nicht wiederverwendbar;;
Eingestellt;5;;;
Entente;5;;;
Kassazettel;5;;;
Lebensumstände;5;zu allgemein/nicht aussagekräftig;;
Memorandum;5;;;
Military District;5;;;
Nachkriegskrise;5;;;
Nationalität;5;;;
Princely County;5;;;
professional business conversation;5;;;
professional research/science working group discussion;5;;;
Provincial Government;5;;;
Systemisierung;5;;;
tschechoslowakische Regierung;5;;;
Unstreitige Zivilrechtssache;5;;;
Vergeltung;5;;;
Zensur;5;;;
Ablehnung;4;;;
Anklage-Kundmachung;4;;;
Anzeige;4;;;
Arbeiterrätin;4;;;
Aufgabeschein;4;;;
Bekanntgabe;4;;;
Berichtigung;4;;;
Bundesverfassung;4;;;
capacity;4;;;
Commissary District;4;;;
Condominium;4;;;
D.J.ABL;4;zu speziell/nicht wiederverwendbar;;
D.J.AKU;4;zu speziell/nicht wiederverwendbar;;
D.J.ANZ;4;zu speziell/nicht wiederverwendbar;;
D.J.BEK;4;zu speziell/nicht wiederverwendbar;;
D.J.EGE;4;zu speziell/nicht wiederverwendbar;;
D.J.EXB;4;zu speziell/nicht wiederverwendbar;;
D.J.GPK;4;zu speziell/nicht wiederverwendbar;;
D.J.GUT;4;zu speziell/nicht wiederverwendbar;;
D.J.INF;4;zu speziell/nicht wiederverwendbar;;
D.J.MEM;4;zu speziell/nicht wiederverwendbar;;
D.J.MST;4;zu speziell/nicht wiederverwendbar;;
D.J.REK;4;zu speziell/nicht wiederverwendbar;;
D.J.SRA;4;zu speziell/nicht wiederverwendbar;;
D.J.SVA;4;zu speziell/nicht wiederverwendbar;;
D.J.VFB;4;zu speziell/nicht wiederverwendbar;;
D.K.AGS;4;zu speziell/nicht wiederverwendbar;;
D.K.PAW;4;zu speziell/nicht wiederverwendbar;;
D.S.FOT;4;zu speziell/nicht wiederverwendbar;;
D.S.PGH;4;zu speziell/nicht wiederverwendbar;;
District;4;;;
Durchschlag mit handschriftlicher Mitteilung;4;;;"Ähnlichkeit mit ""Durchschlag mit handschriftlichen Überarbeitungen"""
E.F.GBU;4;zu speziell/nicht wiederverwendbar;;
Eingabe;4;;;
Exekutionsbewilligung;4;;;
Fortbildung;4;;;
Fotografie (Mat.);4;;;
function;4;;;
Gedächtnisprotokoll;4;;;
Geldbuße;4;;;
Gutachten;4;;;
Imperial Free City;4;;;
Information;4;;;
K.P.NAT;4;;;
Margraviate;4;;;
Mining Captaincy;4;;;
Nationalsozialismus;4;Periode/Phase;;
None;4;;;
Phonogrammarchiv;4;;;
Politische Verhältnisse;4;;;
Postanweisung;4;;;
Programmheft;4;;;
Quarter;4;;;
Rekurs;4;;;
Selbstbestimmungsrecht;4;;;
shape;4;;;
Staatsvertrag (St. Germain);4;;;
Strafregisterauszug;4;;;
Strafverfahrensakt;4;;;
T.F.VBR;4;zu speziell/nicht wiederverwendbar;;
T.F.VVL;4;zu speziell/nicht wiederverwendbar;;
Typoskript mit handschriftlicher Mitteilung;4;;;"Ähnlichkeit mit ""Typoskript mit handschriftlichen Überarbeitungen"""
Verfügungsbogen;4;;;
Vertragsbruch;4;;;
Vertragsverletzung;4;;;
Vikariat;4;;;
Abfertigung;3;;;
Abschrift (lit.);3;;;
Abweisung;3;;;
Autonomie;3;;;
Beamtenrat;3;;;
Beweisabschluss;3;;;
Bürgerkrieg;3;;;
C.P.VER;3;zu speziell/nicht wiederverwendbar;;
Christlich-sozial;3;;;
Constituent Entity;3;;;
Country;3;;;
D.J;3;zu speziell/nicht wiederverwendbar;;
D.J.BWA;3;zu speziell/nicht wiederverwendbar;;
D.J.ZST;3;zu speziell/nicht wiederverwendbar;;
D.L.ABS;3;zu speziell/nicht wiederverwendbar;;
D.L.PMP;3;zu speziell/nicht wiederverwendbar;;
Disziplinarausschuss;3;;;
Druck mit handschriftlichen Überarbeitungen;3;;;"Ähnlichkeit mit ""Druck mit handschriftlichen Annotationen"""
E.F.ABW;3;zu speziell/nicht wiederverwendbar;;
E.F.FOR;3;zu speziell/nicht wiederverwendbar;;
Erpressung;3;;;
Forderung bezahlt;3;;;
Geist (moderner);3;;;
Jude;3;;;
Juristisches Dokument;3;;;
K.P.CHR;3;zu speziell/nicht wiederverwendbar;;
Pamphlet;3;;;
Papal State;3;Ort;;
Personalpolitik;3;;;
Pfleggericht;3;;;
Politische Organisierung;3;;;
Privatrechtliche Vereinbarung;3;;;
Schuldrecht;3;Disziplin;;
Stadtgericht;3;;;
T.F.ERP;3;zu speziell/nicht wiederverwendbar;;
T.F.SCH;3;zu speziell/nicht wiederverwendbar;;
Tagebuch;3;;;
TEI schema;3;;;
Zustellung;3;;;
Akt;2;;;
Aktenübersicht;2;;;
Anklage;2;;;
Anweisun;2;;;Typo
Aufgabeabschnitt;2;;;
Aufruf;2;;;
Auszug;2;;;
Berufungsbescheid;2;;;
Bestechung;2;;;
Bibliography;2;;;"Übersetzung von ""Bibliographie"""
Briefausgabe;2;;;
Briefumschlag;2;;;
Commissariat;2;;;
Confederation;2;;;
"D.J.AKS""";2;zu speziell/nicht wiederverwendbar;;
D.J.AKT;2;zu speziell/nicht wiederverwendbar;;
D.J.ANK;2;zu speziell/nicht wiederverwendbar;;
D.J.ARF;2;zu speziell/nicht wiederverwendbar;;
D.J.AUB;2;zu speziell/nicht wiederverwendbar;;
D.J.AZG;2;zu speziell/nicht wiederverwendbar;;
D.J.BEB;2;zu speziell/nicht wiederverwendbar;;
D.J.DAN;2;zu speziell/nicht wiederverwendbar;;
D.J.EEK;2;zu speziell/nicht wiederverwendbar;;
D.J.ENT;2;zu speziell/nicht wiederverwendbar;;
D.J.ERA;2;zu speziell/nicht wiederverwendbar;;
D.J.ERO;2;zu speziell/nicht wiederverwendbar;;
D.J.EXA;2;zu speziell/nicht wiederverwendbar;;
D.J.EXN;2;zu speziell/nicht wiederverwendbar;;
D.J.KSN;2;zu speziell/nicht wiederverwendbar;;
D.J.LEU;2;zu speziell/nicht wiederverwendbar;;
D.J.RMA;2;zu speziell/nicht wiederverwendbar;;
D.J.RVA;2;zu speziell/nicht wiederverwendbar;;
D.J.RVS;2;zu speziell/nicht wiederverwendbar;;
D.J.STG;2;zu speziell/nicht wiederverwendbar;;
D.J.STZ;2;zu speziell/nicht wiederverwendbar;;
D.J.TST;2;zu speziell/nicht wiederverwendbar;;
D.J.UBS;2;zu speziell/nicht wiederverwendbar;;
D.J.UBW;2;zu speziell/nicht wiederverwendbar;;
D.J.VLB;2;zu speziell/nicht wiederverwendbar;;
D.J.VRF;2;zu speziell/nicht wiederverwendbar;;
D.J.VRG;2;zu speziell/nicht wiederverwendbar;;
D.J.ZRW;2;zu speziell/nicht wiederverwendbar;;
D.J.ZVP;2;zu speziell/nicht wiederverwendbar;;
D.K.AAS;2;zu speziell/nicht wiederverwendbar;;
D.K.LIS;2;zu speziell/nicht wiederverwendbar;;
D.L.GED;2;zu speziell/nicht wiederverwendbar;;
D.S.LSZ;2;zu speziell/nicht wiederverwendbar;;
D.S.PLK;2;zu speziell/nicht wiederverwendbar;;
Disziplinaranzeige;2;;;
Druck + handschriftliche Annotationen/Notate/Notizen, M.D.HSN;2;;;
Druck mit handschriftlichen Annotationen;2;;;"Ähnlichkeit mit ""Druck mit handschriftlichen Annotationen"""
Druck mit handschriftlichen Überarbeitungen;2;;;"Ähnlichkeit mit ""Druck mit handschriftlichen Annotationen"""
Durchschlag mit handschriftlichen Annotation;2;;;"Ähnlichkeit mit ""Durchschlag mit handschriftlichen Annotationen"""
Durchschlag mit sonstigen Schreibspuren;2;;;
Durschlag mit handschriftlichen Überarbeitungen;2;;;"Ähnlichkeit mit ""Durchschlag mit handschriftlichen Annotationen"""
E.F.AEE;2;zu speziell/nicht wiederverwendbar;;
E.F.GEL;2;zu speziell/nicht wiederverwendbar;;
Edition;2;;;
Ehrenerklärung;2;;;
Entschuldigung;2;;;
Entwurf;2;;;
Eröerterung;2;;;
Ersatzanspruch;2;;;
Exekutionsausweis;2;;;
Expensen-Note;2;;;
Falsche Zeugenaussage;2;;;
Fotografie;2;;;
Fotografie (Mat.);2;Disziplin;;
Fotografie (Obj.);2;;;
Friedrich Austerlitz;2;Eigenname;;
Fundbearbeitung;2;;;
Gedicht;2;;;
Geldstrafe;2;;;
group designations;2;;;
Historical Network Research;2;Disziplin;;
Holy Roman Empire;2;;;
Hüyücektepe;2;Ort;;
Internationales Postrecht;2;Disziplin;;
Kopie;2;;;
Kostennote;2;;;
Lesezeichen;2;;;
Leumundsnote;2;;;
Liste;2;;;
Liste (korr.);2;;;
Literarisches Werk;2;;;
Lokalpolitik;2;;;
Luftkrieg;2;;;"Ähnlichkeit mit ""aerial warfare"""
Mandat (politisches);2;;;
Manuskript mit handschriftlichen Annotationen;2;;;
Manuskript mit handschriftlichen Annotationen;2;;;"Ähnlichkeit mit ""Manuskript mit handschriftlichen Annotationen"""
Manuskript mit handschriftlicher Mitteilung;2;;;"Ähnlichkeit mit ""Manuskript mit handschriftlichen Annotationen"""
Mappe, M.S.MAP;2;;;
Marie Turnowsky;2;Eigenname;;
Marktgericht;2;;;
material culture;2;;;
Medieval Austria;2;;;
Medieval Germany;2;;;
Medieval Prosopography;2;Disziplin;;
Middle Ages;2;Periode/Phase;;
Mitschrift;2;;;
Mitschriften;2;;;"Ähnlichkeit mit ""Mitschrift"""
Occupied Territory;2;;;
Order of the Golden Fleece;2;;;
Personalrat;2;;;
Plakat;2;;;
pottery studies;2;Disziplin;;
Protectorate;2;;;
Protest;2;;;
Rechtsmittelanmeldung;2;;;
Revisionsbeantwortung;2;;;
Revisionsschrift;2;;;
S.F.FRI;2;zu speziell/nicht wiederverwendbar;;
S.F.MAR;2;zu speziell/nicht wiederverwendbar;;
sights;2;zu allgemein/nicht aussagekräftig;;
small finds;2;;;
Soziale Fürsorge;2;;;
Squeezes;2;;;
T.F.BES;2;zu speziell/nicht wiederverwendbar;;
T.F.FZA;2;zu speziell/nicht wiederverwendbar;;
Tagebücher;2;;;
Testament;2;;;
Tonaufnahmen;2;;;
transcription conventions;2;;;
Tyoskript mit handschriftlichen Überarbeitungen;2;;;"Ähnlichkeit mit ""Typoskript mit handschriftlichen Überarbeitungen"""
Typoskript mit handschirftlichen Überarbeitungen;2;;;"Ähnlichkeit mit ""Typoskript mit handschriftlichen Überarbeitungen"""
Typoskript mit handschriftlichen Änderungen;2;;;"Ähnlichkeit mit ""Typoskript mit handschriftlichen Überarbeitungen"""
Typoskript mit handschriftlichen Überarbeitungen;2;;;"Ähnlichkeit mit ""Typoskript mit handschriftlichen Überarbeitungen"""
Typoskript mit handshcriftlichen Annotationen;2;;;"Ähnlichkeit mit ""Typoskript mit handschriftlichen Überarbeitungen"""
Typoskript mit sonstigen Schreibspuren;2;;;
Typoskript mit sonstigen Schreibspuren;2;;;"Ähnlichkeit mit ""Typoskript mit sonstigen Schreibspuren"""
Typoskript, M.T.;2;;;
Typoykript;2;;;Typo
Überweisung;2;;;
Überweisungsbeschluss;2;;;
Vereins- und Versammlungsfreiheit;2;;;
Verfügung;2;;;
Verlassenschaftsabhandlung;2;;;
Verlautbarung;2;;;
Verrechnung;2;;;
Versammlung;2;;;
Yeldeğirmentepe;2;Ort;;
Zahlungsverpflichtung;2;;;
Zeitun;2;;;Typo
Zurückweisung (jur.);2;;;
Zweiter Weltkrieg;2;Periode/Phase;;
25er-Ausschuss, Fünfundzwanziger-Ausschuss;1;;;
Alfred Kerr;1;Eigenname;;
Änderung;1;;;
Arabic linguistics;1;;;
Auflösung des Vertrags;1;;;
Ausbleiben der Rückzahlung;1;;;
Ausschuss;1;;;
Austrian magazines;1;;;
Austrian media landscape;1;;;
Austrian newspapers;1;;;
Austrian Press Agency;1;;;
Austrian press releases;1;;;
Bauaufnahme;1;;;
Beförderungsdienstfrist;1;;;
Beleidigung;1;;;
Beschlagnahme aufgehoben;1;;;
Bildungsreform;1;;;
Bundespolizeidirektion;1;;;
C.V.VER;1;zu speziell/nicht wiederverwendbar;;
City District;1;;;
Concert of Europe;1;;;
Congress files;1;;;
Congress of Aix-la-chapelle;1;;;
Congress of Laibach;1;;;
Congress of Troppau;1;;;
Congress of Verona;1;;;
Congress of Vienna;1;;;"Ähnlichkeit mit ""Wiener Kongress"""
Congress System;1;;;
Co-Principality;1;;;
Darlehen zurückbezahlt;1;;;
Digital Edition;1;;;
Digitization;1;;;
Diplomatiegeschichte;1;Disziplin;;
Drohung;1;;;
E.F.AEI;1;zu speziell/nicht wiederverwendbar;;
E.F.AUF;1;zu speziell/nicht wiederverwendbar;;
E.F.BES;1;zu speziell/nicht wiederverwendbar;;
E.F.DAR;1;zu speziell/nicht wiederverwendbar;;
E.F.ERK;1;zu speziell/nicht wiederverwendbar;;
E.F.HON;1;zu speziell/nicht wiederverwendbar;;
E.F.RUE;1;zu speziell/nicht wiederverwendbar;;
E.F.SCH;1;zu speziell/nicht wiederverwendbar;;
E.F.SUE;1;zu speziell/nicht wiederverwendbar;;
E.F.VAU;1;zu speziell/nicht wiederverwendbar;;
E.F.VSE;1;zu speziell/nicht wiederverwendbar;;
E.F.ZRW;1;zu speziell/nicht wiederverwendbar;;
Ehrenkränkung;1;;;
Einigung;1;;;
Electorate;1;;;
Erklärung (Ausgang);1;;;
European Concert of Powers;1;;;
Fachprüfung;1;;;
französische Regierung;1;;;
Fundfotos;1;;;
Fundzeichnungen;1;;;
Gefährliche Drohung;1;;;
Genfer Protokolle;1;;;
Gesteinsproben;1;;;
Glacis;1;;;
GPR;1;;;
Grabungstagebuch;1;;;
Graf Leo Thun-Hohenstein;1;Eigenname;;
Graf Leo Thun-Hohenstein;1;Eigenname;;"Ähnlichkeit mit ""Graf Leo Thun-Hohenstein"""
Grand Principality;1;;;
Great Powers;1;;;
Gremium;1;;;
Großdeutsche Volkspartei;1;;;
Hans Liebstöckl;1;Eigenname;;
High Commissariat;1;;;
History of diplomacy;1;Disziplin;;"Übersetzung von ""Diplomatiegeschichte"""
Honorar;1;;;
Imre Békessy;1;Eigenname;;
Indiskretion;1;;;
Inscriptions;1;;;
journalistic prose;1;;;
Karten;1;zu allgemein/nicht aussagekräftig;;
Klage wegen Forderung;1;;;
Koalitionsrecht;1;;;
Kongress von Aachen;1;;;
Kongress von Laibach;1;;;"Übersetzung von ""Congress of Laibach"""
Kongress von Troppau;1;;;"Übersetzung von ""Congress of Troppau"""
Kongress von Verona;1;;;"Übersetzung von ""Congress of Verona"""
Kongressakten;1;;;
Konterrevolution;1;;;
Kronos-Verlag;1;;;
Landgraviate;1;;;
language choice;1;;;
language contact;1;;;
language mapping;1;;;
language variation;1;;;
Laufbahn;1;;;
Laufbahn (Folgen);1;zu speziell/nicht wiederverwendbar;;
lexical resources;1;;;
linguistic landscape;1;;;
Lothar Rübelt;1;Eigenname;;
Mächtekongress;1;;;
Mächtekonzert;1;;;
Magnetik;1;;;
manual;1;zu allgemein/nicht aussagekräftig;;
Marken-/Namensrechtsverletzung;1;;;
mark-up;1;;;
mark-up conventions;1;;;
military frontier;1;;;
Military Government;1;;;
Monarchenkongresse;1;;;
Mörtelproben;1;;;
Nachrede;1;;;
Ontologie;1;;;
ontology;1;;;"Übersetzung von ""Ontologie"""
Opferbereitschaft;1;;;
Oskar Samek;1;Eigenname;;
Österreich 1849-1860;1;Periode/Phase;;
Paul Amadeus Pisk;1;Eigenname;;
Pauperisierung;1;;;
Persönlichkeitsrechtsverletzung;1;;;
Plagiat;1;;;
Politische Maßregelung;1;;;
Profilzeichnungen;1;;;
Qualifikationsbeschwerde;1;;;
Richard Lányi;1;Eigenname;;
Richard Smetana;1;Eigenname;;
Rückzahlung;1;;;
Rufschädigung;1;;;
S.F.BEK;1;zu speziell/nicht wiederverwendbar;;
S.F.BPD;1;zu speziell/nicht wiederverwendbar;;
S.F.KER;1;zu speziell/nicht wiederverwendbar;;
S.F.KRO;1;zu speziell/nicht wiederverwendbar;;
S.F.LIE;1;zu speziell/nicht wiederverwendbar;;
S.F.PAD;1;zu speziell/nicht wiederverwendbar;;
S.F.PIS;1;zu speziell/nicht wiederverwendbar;;
S.F.RIC;1;zu speziell/nicht wiederverwendbar;;
S.F.RUE;1;zu speziell/nicht wiederverwendbar;;
S.F.SAM;1;zu speziell/nicht wiederverwendbar;;
S.F.SME;1;zu speziell/nicht wiederverwendbar;;
Schadensersatz;1;;;
Scheitern der Exekution;1;;;
schema;1;zu allgemein/nicht aussagekräftig;;
Schloss;1;zu allgemein/nicht aussagekräftig;;
Schweiz;1;Ort;;
search manual;1;;;
Selbstverwaltung;1;;;
spelling;1;;;
spelling conventions;1;;;
Staatsbediensteten-Kommission;1;;;
Stefan Padajaunig;1;Eigenname;;
Sühne;1;;;
T.F.AUS;1;zu speziell/nicht wiederverwendbar;;
T.F.BEL;1;zu speziell/nicht wiederverwendbar;;
T.F.DRO;1;zu speziell/nicht wiederverwendbar;;
T.F.EHK;1;zu speziell/nicht wiederverwendbar;;
T.F.EUV;1;zu speziell/nicht wiederverwendbar;;
T.F.GDR;1;zu speziell/nicht wiederverwendbar;;
T.F.IND;1;zu speziell/nicht wiederverwendbar;;
T.F.KWF;1;zu speziell/nicht wiederverwendbar;;
T.F.MNR;1;zu speziell/nicht wiederverwendbar;;
T.F.NAC;1;zu speziell/nicht wiederverwendbar;;
T.F.PER;1;zu speziell/nicht wiederverwendbar;;
T.F.REB;1;zu speziell/nicht wiederverwendbar;;
T.F.RUF;1;zu speziell/nicht wiederverwendbar;;
T.F.UNA;1;zu speziell/nicht wiederverwendbar;;
T.F.UNB;1;zu speziell/nicht wiederverwendbar;;
T.F.UPL;1;zu speziell/nicht wiederverwendbar;;
T.F.VER;1;zu speziell/nicht wiederverwendbar;;
tag set;1;;;
TEI;1;;;
TEI-schema;1;;;
TLS;1;;;
transcription;1;;;
Transkribus;1;;;
tschechoslowakisches Militär;1;;;
Umsiedlung;1;;;
Unautorisierte Aufführung;1;;;
Unbefugte Kolportage;1;;;
unknown adm;1;zu allgemein/nicht aussagekräftig;;
Urheberrechtsverletzung (Bel.);1;;;
Verhaftung;1;;;
Verletzung des Rechts am eigenen Bild;1;;;
Verleumdung;1;;;
Vermessung;1;;;
Versetzung außerhalb Wiens;1;;;
Versteigerung;1;;;
Verwaltungsrechtssache;1;;;
Viennese Dialectological School;1;;;
Voivodeship;1;;;
Wiener Kongress;1;;;
written language in public space;1;;;
XML;1;;;https://vocabs.acdh.oeaw.ac.at/archecategory/text/tei
Zurückweisung;1;;;
