value,value_correct,lang,lang_correct,lang_correct_comments,property,count,id,singular_form,main_part,qualifier,main_label,variants,swap_order
Druck mit handschriftliche Annotationen/Notate/Notizen,Druck mit handschriftlichen Annotationen/Notaten/Notizen,de,,,hasSubject,2,,,,,Druck mit handschriftlichen Annotationen,Druck mit handschriftlichen Notaten; Druck mit handschriftlichen Notizen,
Marken-/Namensrechtsverletzung,,de,,,hasSubject,1,,,,,Markenrechtsverletzung,Namensrechtsverletzung,
professional research/science conversation,,en,,,hasSubject,35,,,,,professional research conversation,professional science conversation,
professional research/science interview,,en,,,hasSubject,30,,,,,professional research interview,professional science interview,
professional research/science panel,,en,,,hasSubject,30,,,,,professional research panel,professional science panel,
professional research/science question-answer session,,en,,,hasSubject,30,,,,,professional research question-answer session,professional science question-answer session,
professional research/science working group discussion,,en,,,hasSubject,5,,,,,professional research working group discussion,professional science working group discussion,
Structure from Motion (SfM),,,en,,hasAppliedMethod,1,,,,,Structure from Motion,SfM,
Terrestrisches Laserscanning (TLS),terrestrisches Laserscanning (TLS),,de,,hasAppliedMethod,1,,,,,terrestrisches Laserscanning,TLS,
3D-Dokumentation,,,de,,hasAppliedMethod,1,,,,,,,
3D-Modellierung,,,de,,hasAppliedMethod,1,,,,,,,
Airborne Laserscan,,,de,,hasAppliedMethod,2,,,,,,,
amtsfreie Stadt,,en,de,,hasSubject,68,,,,,,,
Archäometrie,,,de,,hasAppliedMethod,1,,,,,,,
Archivrecherchen,,,de,,hasSubject,21,,Archivrecherche,,,,,
Bauaufnahme,,,de,,hasAppliedMethod,2,,,,,,,
Bauaufnahme,,,de,,hasSubject,1,,,,,,,
Bezirksamt,,en,de,,hasSubject,318,,,,,,,
Burgfrieden,,en,de,,hasSubject,10,,,,,,,
Byzantinische Burg,byzantinische Burg,,de,,hasSubject,21,,,,,,,
Fernerkundung,,,de,,hasAppliedMethod,2,,,,,,,
Forschungsgeschichte,,,de,,hasSubject,21,,,,,,,
Fundbearbeitung,,,de,,hasSubject,2,,,,,,,
Fundfotos,,,de,,hasSubject,1,,,,,,,
Fundzeichnungen,,,de,,hasSubject,1,,Fundzeichnung,,,,,
Geomagnetik,,,de,,hasAppliedMethod,1,,,,,,,
Geophysik,,,de,,hasAppliedMethod,1,,,,,,,
Georadar,,,de,,hasAppliedMethod,1,,,,,,,
Gericht,,en,de,,hasSubject,29,,,,,,,
Gesteinsproben,,,de,,hasSubject,1,,Gesteinsprobe,,,,,
Glacis,,en,de,,hasSubject,1,,,,,,,
Grabungstagebuch,,,de,,hasSubject,1,,,,,,,
Hofgericht,,en,de,,hasSubject,8,,,,,,,
Hofmark,,en,de,,hasSubject,6,,,,,,,
Hügelgräber,,,de,,hasSubject,21,,Hügelgrab,,,,,
Karten,,,de,,hasAppliedMethod,1,,Karte,,,,,
Karten,,,de,,hasSubject,1,,Karte,,,,,
Keramik,,,de,,hasSubject,21,,,,,,,
Kommissionsbezirk der Provinzstadt,,en,de,,hasSubject,8,,,,,,,
Kreis,,en,de,,hasSubject,63,,,,,,,
Lagervorstadt,,,de,,hasSubject,21,,,,,,,
Landeskommissariat,,en,de,,hasSubject,23,,,,,,,
Landgericht,,en,de,,hasSubject,591,,,,,,,
Legionslager,,,de,,hasSubject,21,,,,,,,
Luftbild,,,de,,hasAppliedMethod,2,,,,,,,
Magnetik,,,de,,hasSubject,1,,,,,,,
Marktgericht,,en,de,,hasSubject,2,,,,,,,
Mörtelproben,,,de,,hasSubject,1,,Mörtelprobe,,,,,
Munizipium,,,de,,hasSubject,21,,,,,,,
Nekropole,,,de,,hasSubject,21,,,,,,,
Oberflächensurvey,,,de,,hasAppliedMethod,1,,,,,,,
Pfleggericht,,en,de,,hasSubject,3,,,,,,,
Photogrammetrie,,,de,,hasAppliedMethod,3,,,,,,,
Profilzeichnungen,,,de,,hasSubject,1,,Profilzeichnung,,,,,
Satellitenbild,,,de,,hasAppliedMethod,1,,,,,,,
Schloss,,en,de,,hasSubject,1,,,,,,,
Siedlungstopographie,,,de,,hasSubject,21,,,,,,,
Stadtgericht,,en,de,,hasSubject,3,,,,,,,
Survey,,,de,,hasAppliedMethod,2,,,,,,,
Surveyartefakte,,,de,,hasSubject,21,,Surveyartefakt,,,,,
Terrestrischer Laserscan,terrestrischer Laserscan,,de,,hasAppliedMethod,1,,,,,,,
Vermessung,,,de,,hasAppliedMethod,1,,,,,,,
Vermessung,,,de,,hasSubject,1,,,,,,,
Vikariat,,en,de,,hasSubject,4,,,,,,,
Virtuelle Rekonstruktion,virtuelle Rekonstruktion,,de,,hasAppliedMethod,1,,,,,,,
Wasserversorgung,,,de,,hasSubject,21,,,,,,,
3D models,,,en,,hasSubject,1,,3D model,,,,,
3D scanning,,,en,,hasAppliedMethod,1756,,,,,,,
Bibliography,bibliography,,en,,hasSubject,2,,,,,,,
capacity,,,en,,hasSubject,4,,,,,,,
controlled vocabulary,,,en,,hasSubject,1,,,,,,,
CT-scans,CT scans,,en,,hasAppliedMethod,3,,CT scan,,,,,
data,,,en,,hasSubject,1,,,,,,,
data integration,,,en,,hasSubject,4,,,,,,,
data model,,,en,,hasSubject,1,,,,,,,
Digitization,digitisation,,en,,hasSubject,1,,,,,,,
function,,,en,,hasSubject,4,,,,,,,
GPR,,,en,,hasSubject,1,,,,,,,
image creation,,,en,,hasAppliedMethod,1,,,,,,,
Image-based 3D modelling,image-based 3D modelling,,en,,hasAppliedMethod,1,,,,,,,
index file creation,,,en,,hasAppliedMethod,3,,,,,,,
inked drawings,,,en,,hasAppliedMethod,1,,inked drawing,,,,,
Inscriptions,inscriptions,,en,,hasSubject,1,,inscription,,,,,
Laser Scanning,laser scanning,,en,,hasAppliedMethod,1,,,,,,,
lemmatization,,,en,,hasAppliedMethod,7,,,,,,,
linked open data,,,en,,hasSubject,2,,,,,,,
material culture,,,en,,hasSubject,2,,,,,,,
Neolithic Anatolia,,,en,,hasSubject,3,,,,,,,
Neolithic Greece,,,en,,hasSubject,3,,,,,,,
OCR,,,en,,hasAppliedMethod,7,,,,,,,
online site database,,,en,,hasSubject,3,,,,,,,
Part of Speech Tagging,part-of-speech tagging,,en,,hasAppliedMethod,1,,,,,,,
part-of-speech-tagging,part-of-speech tagging,,en,,hasAppliedMethod,7,,,,,,,
photography,,,en,,hasAppliedMethod,1139,,,,,,,
polyglot dictionary,,,en,,hasSubject,8,,,,,,,
pottery,,,en,,hasSubject,359,,,,,,,
pottery documentation,,,en,,hasAppliedMethod,1,,,,,,,
pottery studies,,,en,,hasSubject,2,,,,,,,
scanning,,,en,,hasAppliedMethod,2826,,,,,,,
semantic technologies,,,en,,hasSubject,3,,,,,,,
shape,,,en,,hasSubject,4,,,,,,,
SKOS data modelling,,,en,,hasAppliedMethod,1,,,,,,,
SKOS Simple Knowledge Organization System,,,en,,hasAppliedMethod,2,,,,,,,
small finds,,,en,,hasSubject,2,,small find,,,,,
Squeezes,squeezes,,en,,hasSubject,2,,squeeze,,,,,
structure from motion,,,en,,hasAppliedMethod,3,,,,,,,
TEI schema customization,TEI schema customisation,,en,,hasAppliedMethod,6,,,,,,,
thesaurus,,,en,,hasSubject,1,,,,,,,
tokenization,tokenisation,,en,,hasAppliedMethod,7,,,,,,,
X-ray,,,en,,hasAppliedMethod,1,,,,,,,
XML/TEI (P5),,,en,,hasAppliedMethod,7,,,,,,,
XML/TEI (P5) encoding,,,en,,hasAppliedMethod,1,,,,,,,
XML/TEI semantic annotation,,,en,,hasAppliedMethod,7,,,,,,,
XML/TEI structural annotation,,,en,,hasAppliedMethod,7,,,,,,,
Canabae,canabae,,la,,hasSubject,21,,canaba,,,,,
Alfred Kerr,,de,und,proper name,hasSubject,1,,,,,,,
Békessy,Imre Békessy,de,und,proper name,hasSubject,21,,,,,,,
CIDOC CRM,,,und,mixed abbreviation,hasSubject,4,,,,,,,
Friedrich Austerlitz,,de,und,proper name,hasSubject,2,,,,,,,
GIS,,en,und,non-determinable abbrevation,hasSubject,2649,,,,,,,
Graf Leo Thun-Hohenstein,,de,und,proper name,hasSubject,2,,,,,,,
Hans Liebstöckl,,de,und,proper name,hasSubject,1,,,,,,,
Hüyücektepe,,,und,proper name,hasSubject,2,,,,,,,
Imre Békessy,,de,und,proper name,hasSubject,1,,,,,,,
Karl Baedeker,,en,und,proper name,hasSubject,13,,,,,,,
Karl Kraus,,de,und,proper name,hasSubject,141,,,,,,,
Lothar Rübelt,,de,und,proper name,hasSubject,1,,,,,,,
Marie Turnowsky,,de,und,proper name,hasSubject,2,,,,,,,
Oskar Samek,,de,und,proper name,hasSubject,1,,,,,,,
Paul Amadeus Pisk,,de,und,proper name,hasSubject,1,,,,,,,
PeriodO,,,und,proper name,hasSubject,1,,,,,,,
Richard Lányi,,de,und,proper name,hasSubject,1,,,,,,,
Richard Smetana,,de,und,proper name,hasSubject,1,,,,,,,
Stefan Padajaunig,,de,und,proper name,hasSubject,1,,,,,,,
TLS,,,und,non-determinable abbrevation,hasSubject,1,,,,,,,
Transkribus,,de,und,proper name,hasSubject,1,,,,,,,
Yeldeğirmentepe,,,und,proper name,hasSubject,2,,,,,,,
C.K.KOR,,de,,,hasSubject,5,,,,,,,
C.P.VER,,de,,,hasSubject,3,,,,,,,
C.S.PRE,,de,,,hasSubject,69,,,,,,,
C.S.PRI,,de,,,hasSubject,135,,,,,,,
C.V.VER,,de,,,hasSubject,1,,,,,,,
C.Z.STR,,de,,,hasSubject,12,,,,,,,
C.Z.UNS,,de,,,hasSubject,5,,,,,,,
D.J,,de,,,hasSubject,3,,,,,,,
D.J.ABH,,de,,,hasSubject,10,,,,,,,
D.J.ABL,,de,,,hasSubject,4,,,,,,,
D.J.ABR,,de,,,hasSubject,7,,,,,,,
D.J.AFD,,de,,,hasSubject,6,,,,,,,
D.J.AFS,,de,,,hasSubject,8,,,,,,,
D.J.AKN,,de,,,hasSubject,8,,,,,,,
D.J.AKS,,de,,,hasSubject,17,,,,,,,
D.J.AKT,,de,,,hasSubject,2,,,,,,,
D.J.AKU,,de,,,hasSubject,4,,,,,,,
D.J.AKV,,de,,,hasSubject,201,,,,,,,
D.J.ANF,,de,,,hasSubject,6,,,,,,,
D.J.ANK,,de,,,hasSubject,2,,,,,,,
D.J.ANS,,de,,,hasSubject,8,,,,,,,
D.J.ANT,,de,,,hasSubject,160,,,,,,,
D.J.ANW,,de,,,hasSubject,7,,,,,,,
D.J.ANZ,,de,,,hasSubject,4,,,,,,,
D.J.ARF,,de,,,hasSubject,2,,,,,,,
D.J.AUB,,de,,,hasSubject,2,,,,,,,
D.J.AUF,,de,,,hasSubject,27,,,,,,,
D.J.AUG,,de,,,hasSubject,14,,,,,,,
D.J.AZG,,de,,,hasSubject,2,,,,,,,
D.J.BAF,,de,,,hasSubject,37,,,,,,,
D.J.BAN,,de,,,hasSubject,18,,,,,,,
D.J.BEB,,de,,,hasSubject,2,,,,,,,
D.J.BEK,,de,,,hasSubject,4,,,,,,,
D.J.BEL,,de,,,hasSubject,13,,,,,,,
D.J.BEN,,de,,,hasSubject,108,,,,,,,
D.J.BER,,de,,,hasSubject,10,,,,,,,
D.J.BIT,,de,,,hasSubject,22,,,,,,,
D.J.BRF,,de,,,hasSubject,12,,,,,,,
D.J.BRG,,de,,,hasSubject,28,,,,,,,
D.J.BRS,,de,,,hasSubject,6,,,,,,,
D.J.BSD,,de,,,hasSubject,15,,,,,,,
D.J.BSS,,de,,,hasSubject,182,,,,,,,
D.J.BST,,de,,,hasSubject,15,,,,,,,
D.J.BSW,,de,,,hasSubject,32,,,,,,,
D.J.BWA,,de,,,hasSubject,3,,,,,,,
D.J.BWN,,de,,,hasSubject,21,,,,,,,
D.J.DAN,,de,,,hasSubject,2,,,,,,,
D.J.DKB,,de,,,hasSubject,12,,,,,,,
D.J.DOS,,de,,,hasSubject,5,,,,,,,
D.J.EEK,,de,,,hasSubject,2,,,,,,,
D.J.EGE,,de,,,hasSubject,4,,,,,,,
D.J.EIN,,de,,,hasSubject,6,,,,,,,
D.J.ENT,,de,,,hasSubject,2,,,,,,,
D.J.ENW,,de,,,hasSubject,49,,,,,,,
D.J.ERA,,de,,,hasSubject,2,,,,,,,
D.J.ERG,,de,,,hasSubject,16,,,,,,,
D.J.ERK,,de,,,hasSubject,26,,,,,,,
D.J.ERL,,de,,,hasSubject,14,,,,,,,
D.J.ERO,,de,,,hasSubject,2,,,,,,,
D.J.EXA,,de,,,hasSubject,2,,,,,,,
D.J.EXB,,de,,,hasSubject,4,,,,,,,
D.J.EXN,,de,,,hasSubject,2,,,,,,,
D.J.GPK,,de,,,hasSubject,4,,,,,,,
D.J.GTS,,de,,,hasSubject,6,,,,,,,
D.J.GUT,,de,,,hasSubject,4,,,,,,,
D.J.INF,,de,,,hasSubject,4,,,,,,,
D.J.KBS,,de,,,hasSubject,6,,,,,,,
D.J.KFS,,de,,,hasSubject,40,,,,,,,
D.J.KLB,,de,,,hasSubject,6,,,,,,,
D.J.KLG,,de,,,hasSubject,28,,,,,,,
D.J.KOB,,de,,,hasSubject,14,,,,,,,
D.J.KON,,de,,,hasSubject,10,,,,,,,
D.J.KSB,,de,,,hasSubject,10,,,,,,,
D.J.KSN,,de,,,hasSubject,2,,,,,,,
D.J.KSZ,,de,,,hasSubject,5,,,,,,,
D.J.LAD,,de,,,hasSubject,87,,,,,,,
D.J.LEU,,de,,,hasSubject,2,,,,,,,
D.J.LIS,,de,,,hasSubject,9,,,,,,,
D.J.MAP,,de,,,hasSubject,292,,,,,,,
D.J.MEM,,de,,,hasSubject,4,,,,,,,
D.J.MIT,,de,,,hasSubject,37,,,,,,,
D.J.MST,,de,,,hasSubject,4,,,,,,,
D.J.NOT,,de,,,hasSubject,26,,,,,,,
D.J.PKG,,de,,,hasSubject,95,,,,,,,
D.J.PKL,,de,,,hasSubject,100,,,,,,,
D.J.REK,,de,,,hasSubject,4,,,,,,,
D.J.RMA,,de,,,hasSubject,2,,,,,,,
D.J.RNG,,de,,,hasSubject,13,,,,,,,
D.J.RUK,,de,,,hasSubject,6,,,,,,,
D.J.RVA,,de,,,hasSubject,2,,,,,,,
D.J.RVS,,de,,,hasSubject,2,,,,,,,
D.J.SAT,,de,,,hasSubject,6,,,,,,,
D.J.SFE,,de,,,hasSubject,26,,,,,,,
D.J.SRA,,de,,,hasSubject,4,,,,,,,
D.J.STG,,de,,,hasSubject,2,,,,,,,
D.J.STZ,,de,,,hasSubject,86,,,,,,,
D.J.SVA,,de,,,hasSubject,4,,,,,,,
D.J.TST,,de,,,hasSubject,2,,,,,,,
D.J.UBR,,de,,,hasSubject,29,,,,,,,
D.J.UBS,,de,,,hasSubject,2,,,,,,,
D.J.UBW,,de,,,hasSubject,2,,,,,,,
D.J.UMS,,de,,,hasSubject,44,,,,,,,
D.J.URT,,de,,,hasSubject,109,,,,,,,
D.J.VER,,de,,,hasSubject,9,,,,,,,
D.J.VFB,,de,,,hasSubject,4,,,,,,,
D.J.VLB,,de,,,hasSubject,2,,,,,,,
D.J.VOL,,de,,,hasSubject,12,,,,,,,
D.J.VRF,,de,,,hasSubject,2,,,,,,,
D.J.VRG,,de,,,hasSubject,2,,,,,,,
D.J.VRN,,de,,,hasSubject,32,,,,,,,
D.J.VRS,,de,,,hasSubject,43,,,,,,,
D.J.VRZ,,de,,,hasSubject,12,,,,,,,
D.J.VSR,,de,,,hasSubject,7,,,,,,,
D.J.ZAS,,de,,,hasSubject,11,,,,,,,
D.J.ZAT,,de,,,hasSubject,10,,,,,,,
D.J.ZEB,,de,,,hasSubject,9,,,,,,,
D.J.ZRW,,de,,,hasSubject,2,,,,,,,
D.J.ZST,,de,,,hasSubject,3,,,,,,,
D.J.ZUN,,de,,,hasSubject,10,,,,,,,
D.J.ZVP,,de,,,hasSubject,2,,,,,,,
D.K.AAS,,de,,,hasSubject,2,,,,,,,
D.K.AGS,,de,,,hasSubject,4,,,,,,,
D.K.BRF,,de,,,hasSubject,2293,,,,,,,
D.K.EBS,,de,,,hasSubject,41,,,,,,,
D.K.LIS,,de,,,hasSubject,2,,,,,,,
D.K.NCH,,de,,,hasSubject,6,,,,,,,
D.K.PAW,,de,,,hasSubject,4,,,,,,,
D.K.PKT,,de,,,hasSubject,44,,,,,,,
D.K.RAD,,de,,,hasSubject,9,,,,,,,
D.K.RKS,,de,,,hasSubject,78,,,,,,,
D.K.TGR,,de,,,hasSubject,31,,,,,,,
D.K.UMS,,de,,,hasSubject,6,,,,,,,
D.L,,de,,,hasSubject,7,,,,,,,
D.L.ABS,,de,,,hasSubject,3,,,,,,,
D.L.GED,,de,,,hasSubject,2,,,,,,,
D.L.PMP,,de,,,hasSubject,3,,,,,,,
D.P,,de,,,hasSubject,5,,,,,,,
D.P.ZTA,,de,,,hasSubject,352,,,,,,,
D.P.ZTG,,de,,,hasSubject,14,,,,,,,
D.S.FOT,,de,,,hasSubject,4,,,,,,,
D.S.LSZ,,de,,,hasSubject,2,,,,,,,
D.S.PGH,,de,,,hasSubject,4,,,,,,,
D.S.PLK,,de,,,hasSubject,2,,,,,,,
E.F.ABW,,de,,,hasSubject,3,,,,,,,
E.F.AEB,,de,,,hasSubject,39,,,,,,,
E.F.AEE,,de,,,hasSubject,2,,,,,,,
E.F.AEI,,de,,,hasSubject,1,,,,,,,
E.F.AGE,,de,,,hasSubject,48,,,,,,,
E.F.AUF,,de,,,hasSubject,1,,,,,,,
E.F.AUS,,de,,,hasSubject,30,,,,,,,
E.F.BES,,de,,,hasSubject,1,,,,,,,
E.F.DAR,,de,,,hasSubject,1,,,,,,,
E.F.EIN,,de,,,hasSubject,5,,,,,,,
E.F.ERK,,de,,,hasSubject,1,,,,,,,
E.F.FOR,,de,,,hasSubject,3,,,,,,,
E.F.FRE,,de,,,hasSubject,14,,,,,,,
E.F.GBU,,de,,,hasSubject,4,,,,,,,
E.F.GEL,,de,,,hasSubject,2,,,,,,,
E.F.HON,,de,,,hasSubject,1,,,,,,,
E.F.NIC,,de,,,hasSubject,10,,,,,,,
E.F.RUE,,de,,,hasSubject,1,,,,,,,
E.F.SCH,,de,,,hasSubject,1,,,,,,,
E.F.SUE,,de,,,hasSubject,1,,,,,,,
E.F.VAU,,de,,,hasSubject,1,,,,,,,
E.F.VER,,de,,,hasSubject,28,,,,,,,
E.F.VGL,,de,,,hasSubject,14,,,,,,,
E.F.VSE,,de,,,hasSubject,1,,,,,,,
E.F.ZRW,,de,,,hasSubject,1,,,,,,,
E.F.ZUR,,de,,,hasSubject,6,,,,,,,
K.K.BER,,de,,,hasSubject,9,,,,,,,
K.K.FAC,,de,,,hasSubject,18,,,,,,,
K.K.LIT,,de,,,hasSubject,10,,,,,,,
K.K.MED,,de,,,hasSubject,13,,,,,,,
K.K.SCH,,de,,,hasSubject,10,,,,,,,
K.K.STU,,de,,,hasSubject,21,,,,,,,
K.K.THE,,de,,,hasSubject,12,,,,,,,
K.K.VER,,de,,,hasSubject,6,,,,,,,
K.P.CHR,,de,,,hasSubject,3,,,,,,,
K.P.NAT,,de,,,hasSubject,4,,,,,,,
K.P.SOZ,,de,,,hasSubject,19,,,,,,,
M.S.MAP,,de,,,hasSubject,2,,,,,,,
R.F.PRE,,de,,,hasSubject,69,,,,,,,
R.F.PRI,,de,,,hasSubject,9,,,,,,,
R.F.SON,,de,,,hasSubject,50,,,,,,,
R.F.STR,,de,,,hasSubject,134,,,,,,,
R.F.VER,,de,,,hasSubject,6,,,,,,,
R.F.ZIV,,de,,,hasSubject,18,,,,,,,
S.F.BEK,,de,,,hasSubject,1,,,,,,,
S.F.BPD,,de,,,hasSubject,1,,,,,,,
S.F.FRI,,de,,,hasSubject,2,,,,,,,
S.F.KER,,de,,,hasSubject,1,,,,,,,
S.F.KRA,,de,,,hasSubject,141,,,,,,,
S.F.KRO,,de,,,hasSubject,1,,,,,,,
S.F.LIE,,de,,,hasSubject,1,,,,,,,
S.F.MAR,,de,,,hasSubject,2,,,,,,,
S.F.PAD,,de,,,hasSubject,1,,,,,,,
S.F.PIS,,de,,,hasSubject,1,,,,,,,
S.F.RIC,,de,,,hasSubject,1,,,,,,,
S.F.RUE,,de,,,hasSubject,1,,,,,,,
S.F.SAM,,de,,,hasSubject,1,,,,,,,
S.F.SME,,de,,,hasSubject,1,,,,,,,
T.F.AUS,,de,,,hasSubject,1,,,,,,,
T.F.BEL,,de,,,hasSubject,1,,,,,,,
T.F.BES,,de,,,hasSubject,2,,,,,,,
T.F.DRO,,de,,,hasSubject,1,,,,,,,
T.F.EHK,,de,,,hasSubject,1,,,,,,,
T.F.EHR,,de,,,hasSubject,35,,,,,,,
T.F.ERP,,de,,,hasSubject,3,,,,,,,
T.F.EUV,,de,,,hasSubject,1,,,,,,,
T.F.FZA,,de,,,hasSubject,2,,,,,,,
T.F.GDR,,de,,,hasSubject,1,,,,,,,
T.F.IND,,de,,,hasSubject,1,,,,,,,
T.F.KWF,,de,,,hasSubject,1,,,,,,,
T.F.MNR,,de,,,hasSubject,1,,,,,,,
T.F.NAC,,de,,,hasSubject,1,,,,,,,
T.F.PER,,de,,,hasSubject,1,,,,,,,
T.F.PRE,,de,,,hasSubject,81,,,,,,,
T.F.REB,,de,,,hasSubject,1,,,,,,,
T.F.RUF,,de,,,hasSubject,1,,,,,,,
T.F.SCH,,de,,,hasSubject,3,,,,,,,
T.F.UNA,,de,,,hasSubject,1,,,,,,,
T.F.UNB,,de,,,hasSubject,1,,,,,,,
T.F.UPL,,de,,,hasSubject,1,,,,,,,
T.F.URV,,de,,,hasSubject,18,,,,,,,
T.F.VBR,,de,,,hasSubject,4,,,,,,,
T.F.VER,,de,,,hasSubject,1,,,,,,,
T.F.VVL,,de,,,hasSubject,4,,,,,,,
15. Juli 1927,,de,,,hasSubject,10,,,,,,,
18. Jahrhundert,,de,,,hasSubject,7,,,,,,,
25er-Ausschuss; Fünfundzwanziger-Ausschuss,,de,,,hasSubject,1,,,,,,,
3d data,,en,,,hasCategory,1324,48520,,,,,,
3D scanning,,en,,,hasAppliedMethod,1,,,,,,,
3D-Daten,,de,,,hasCategory,1324,48520,,,,,,
Abfertigung,,de,,,hasSubject,3,,,,,,,
Abhandlung,,de,,,hasSubject,10,,,,,,,
Ablehnung,,de,,,hasSubject,4,,,,,,,
Abrechnung,,de,,,hasSubject,7,,,,,,,
Abschrift (lit.),,de,,,hasSubject,3,,,Abschrift,lit.,,,
Abweisung,,de,,,hasSubject,3,,,,,,,
aerial warfare,,en,,,hasSubject,959,,,,,,,
Akt,,de,,,hasSubject,2,,,,,,,
Aktennotiz,,de,,,hasSubject,8,,,,,,,
Aktenübersicht,,de,,,hasSubject,2,,,,,,,
Aktenvermerk,,de,,,hasSubject,201,,,,,,,
Andere,,de,,,hasCategory,6,48525,,,,,,
Änderung,,de,,,hasSubject,1,,,,,,,
Anfrage,,de,,,hasSubject,6,,,,,,,
Anklage,,de,,,hasSubject,2,,,,,,,
Anklage-Kundmachung,,de,,,hasSubject,4,,,,,,,
Anklageschrift,,de,,,hasSubject,17,,,,,,,
Annotation,,de,,,hasCategory,0,139810,,,,,,
Annotation,,en,,,hasCategory,0,139810,,,,,,
Ansuchen,,de,,,hasSubject,8,,,,,,,
Antrag,,de,,,hasSubject,160,,,,,,,
Anweisun,Anweisung,de,,,hasSubject,2,,,,,,,
Anweisung,,de,,,hasSubject,6,,,,,,,
Anzeige,,de,,,hasSubject,4,,,,,,,
Arabic linguistics,,en,,,hasSubject,1,,,,,,,
Arbeiterrätin,,de,,,hasSubject,4,,,,,,,
archaeological database,,en,,,hasSubject,1,,,,,,,
Archaeological excavation,archaeological excavation,en,,,hasAppliedMethod,9,,,,,,,
archaeological excavation,,en,,,hasAppliedMethod,6,,,,,,,
archaeological excavation,,en,,,hasSubject,1,,,,,,,
archaeological sites,,en,,,hasSubject,1,,archaeological site,,,,,
archäologische Ausgrabung,,de,,,hasSubject,1,,,,,,,
Archduchy,archduchy,en,,,hasSubject,5,,,,,,,
Artefact,artefact,en,,,hasSubject,2,,,,,,,
Audio,,de,,,hasCategory,0,48887,,,,,,
Audio Visual,,en,,,hasCategory,85,48881,,,,,,
Audiovisuelles Medium,,de,,,hasCategory,85,48881,,,,,,
Aufforderung,,de,,,hasSubject,6,,,,,,,
Aufgabeabschnitt,,de,,,hasSubject,2,,,,,,,
Aufgabeschein,,de,,,hasSubject,4,,,,,,,
Auflösung des Vertrags,,de,,,hasSubject,1,,,,,,,
Aufnahmesession,,de,,,hasCategory,0,139811,,,,,,
Aufruf,,de,,,hasSubject,2,,,,,,,
Aufstellung,,de,,,hasSubject,8,,,,,,,
Auftrag,,de,,,hasSubject,27,,,,,,,
Ausbildung,,de,,,hasSubject,11,,,,,,,
Ausbleiben der Rückzahlung,,de,,,hasSubject,1,,,,,,,
Ausgang unklar,,de,,,hasSubject,30,,,,,,,
Ausgrabung,,de,,,hasAppliedMethod,1,,,,,,,
Ausschuss,,de,,,hasSubject,1,,,,,,,
Außergerichtliche Erledigung,,de,,,hasSubject,48,,,,,,,
Äußerung,,de,,,hasSubject,14,,,,,,,
Austrian magazines,,en,,,hasSubject,1,,Austrian magazine,,,,,
Austrian media landscape,,en,,,hasSubject,1,,,,,,,
Austrian newspapers,,en,,,hasSubject,1,,Austrian newspaper,,,,,
Austrian Press Agency,,en,,,hasSubject,1,,,,,,,
Austrian press releases,,en,,,hasSubject,1,,Austrian press release,,,,,
Auszug,,de,,,hasSubject,2,,,,,,,
Autonomie,,de,,,hasSubject,3,,,,,,,
Beamtenorganisation,,de,,,hasSubject,20,,,,,,,
Beamtenrat,,de,,,hasSubject,3,,,,,,,
Beförderung,,de,,,hasSubject,16,,,,,,,
Beförderungsdienstfrist,,de,,,hasSubject,1,,,,,,,
Bekanntgabe,,de,,,hasSubject,4,,,,,,,
Beleg (jur.),,de,,,hasSubject,13,,,Beleg,jur.,,,
Beleidigung,,de,,,hasSubject,1,,,,,,,
Benachrichtigung,,de,,,hasSubject,108,,,,,,,
Bericht,,de,,,hasSubject,10,,,,,,,
Berichtigung,,de,,,hasSubject,4,,,,,,,
Berichtigung (Ausgang),,de,,,hasSubject,39,,,Berichtigung,Ausgang,,,
Berichtigung (jur.),,de,,,hasSubject,24,,,Berichtigung,jur.,,,
Berliner Tageblatt,,de,,,hasSubject,9,,,,,,,
Berufung,,de,,,hasSubject,12,,,,,,,
Berufungsanmeldung,,de,,,hasSubject,18,,,,,,,
Berufungsausführung,,de,,,hasSubject,37,,,,,,,
Berufungsbescheid,,de,,,hasSubject,2,,,,,,,
Berufungsschrift,,de,,,hasSubject,6,,,,,,,
Bescheid,,de,,,hasSubject,15,,,,,,,
Beschlagnahme aufgehoben,,de,,,hasSubject,1,,,,,,,
Beschluss,,de,,,hasSubject,182,,,,,,,
Beschwerde,,de,,,hasSubject,32,,,,,,,
Bestätigung,,de,,,hasSubject,15,,,,,,,
Bestechung,,de,,,hasSubject,2,,,,,,,
Betriebsrat,,de,,,hasSubject,10,,,,,,,
Bevollmächtiger,Bevollmächtigter,de,,,hasSubject,15,,,,,,,
Beweisabschluss,,de,,,hasSubject,3,,,,,,,
Beweisantrag,,de,,,hasSubject,21,,,,,,,
Bibliographie,,de,,,hasSubject,7,,,,,,,
bibliography,,en,,,hasSubject,7,,,,,,,
Bild,,de,,,hasCategory,188461,48512,,,,,,
Bildungsreform,,de,,,hasSubject,1,,,,,,,
Bitte,,de,,,hasSubject,22,,,,,,,
borehole sampling,,en,,,hasAppliedMethod,1,,,,,,,
botany,,en,,,hasSubject,2,,,,,,,
Brief,,de,,,hasSubject,2293,,,,,,,
Briefausgabe,,de,,,hasSubject,2,,,,,,,
Briefumschlag,,de,,,hasSubject,2,,,,,,,
Bronze Age sites,,en,,,hasSubject,1,,Bronze Age site,,,,,
Bronzefund,,de,,,hasSubject,7,,,,,,,
Buchgeschichte,,de,,,hasSubject,126,,,,,,,
Bundesländer,,de,,,hasSubject,11,,Bundesland,,,,,
Bundespolizeidirektion,,de,,,hasSubject,1,,,,,,,
Bundesverfassung,,de,,,hasSubject,4,,,,,,,
Bürgerkrieg,,de,,,hasSubject,3,,,,,,,
canal,,en,,,hasSubject,7,,,,,,,
cave,,en,,,hasSubject,2,,,,,,,
cemetery,,en,,,hasSubject,9,,,,,,,
Chalcholithic sites,Chalcolithic sites,en,,,hasSubject,1,,Chalcolithic site,,,,,
chapel,,en,,,hasSubject,7,,,,,,,
Christlich-sozial,christlich-sozial,de,,,hasSubject,3,,,,,,,
City District,city district,en,,,hasSubject,1,,,,,,,
Co-Principality,co-principality,en,,,hasSubject,1,,,,,,,
Collection,,en,,,hasCategory,180,48551,,,,,,
Commissariat,commissariat,en,,,hasSubject,2,,,,,,,
Commissary District,commissary district,en,,,hasSubject,4,,,,,,,
Computational Notebook,,de,,,hasCategory,0,139816,,,,,,
Computational Notebook,,en,,,hasCategory,0,139816,,,,,,
Concert of Europe,,en,,,hasSubject,1,,,,,,,
Condominium,condominium,en,,,hasSubject,4,,,,,,,
conduits (water distribution structures),,en,,,hasSubject,7,,conduit (water distribution structure),conduits,water distribution structures,,,
Confederation,confederation,en,,,hasSubject,2,,,,,,,
Congress files,congress files,en,,,hasSubject,1,,congress file,,,,,
Congress of Aix-la-chapelle,Congress of Aix-la-Chapelle,en,,,hasSubject,1,,,,,,,
Congress of Laibach,,en,,,hasSubject,1,,,,,,,
Congress of Troppau,,en,,,hasSubject,1,,,,,,,
Congress of Verona,,en,,,hasSubject,1,,,,,,,
Congress of Vienna,,en,,,hasSubject,1,,,,,,,
Congress System,congress system,en,,,hasSubject,1,,,,,,,
Constituent Entity,constituent entity,en,,,hasSubject,3,,,,,,,
Controlled Vocabulary,,en,,,hasCategory,2,220409,,,,,,
conversation,,en,,,hasSubject,32,,,,,,,
Corpus,,en,,,hasCategory,4,139812,,,,,,
Country,country,en,,,hasSubject,3,,,,,,,
County,county,en,,,hasSubject,177,,,,,,,
County (administrative unit),county (administrative unit),en,,,hasSubject,71,,,county,administrative unit,,,
Crown Colony,Crown colony,en,,,hasSubject,5,,,,,,,
Crownland,Crown land,en,,,hasSubject,7,,,,,,,
CT-scans,CT scans,en,,,hasAppliedMethod,1,,CT scan,,,,,
Darlehen zurückbezahlt,,de,,,hasSubject,1,,,,,,,
data curation,,en,,,hasAppliedMethod,12,,,,,,,
data integration,,en,,,hasSubject,2,,,,,,,
data management,,en,,,hasAppliedMethod,12,,,,,,,
data sharing,,en,,,hasSubject,2,,,,,,,
Dataset,,en,,,hasCategory,1308,48521,,,,,,
Datensammlung,,de,,,hasCategory,180,48551,,,,,,
Datenset,,de,,,hasCategory,1308,48521,,,,,,
Deckblatt,,de,,,hasSubject,12,,,,,,,
Demokratisierung,,de,,,hasSubject,46,,,,,,,
deutschösterr. Regierung,deutschösterreichische Regierung,de,,,hasSubject,19,,,,,,,
Die Fackel,,de,,,hasSubject,18,,,,,,,
Die Stunde,,de,,,hasSubject,21,,,,,,,
Digital Edition,digitale Edition,de,,,hasSubject,1,,,,,,,
digital long-term preservation,,en,,,hasSubject,1,,,,,,,
digitale Langzeitarchivierung,,de,,,hasSubject,1,,,,,,,
Digitalisierte handgezeichnete Feldzeichnungen.,digitalisierte handgezeichnete Feldzeichnungen,de,,,hasAppliedMethod,2,,digitalisierte handgezeichnete Feldzeichnung,,,,,
digitisation,,en,,,hasSubject,1,,,,,,,
Diplomatiegeschichte,,de,,,hasSubject,1,,,,,,,
District,district,en,,,hasSubject,4,,,,,,,
District Captaincy,district captaincy,en,,,hasSubject,590,,,,,,,
Disziplinaranzeige,,de,,,hasSubject,2,,,,,,,
Disziplinarausschuss,,de,,,hasSubject,3,,,,,,,
Disziplinarrecht,,de,,,hasSubject,5,,,,,,,
Dossier,,de,,,hasSubject,5,,,,,,,
Drohung,,de,,,hasSubject,1,,,,,,,
Druck,,de,,,hasSubject,690,,,,,,,
Druck mit handschriftlichen Annotationen,,de,,,hasSubject,20,,,,,,,
Druck mit handschriftlichen Überarbeitungen,,de,,,hasSubject,5,,,,,,,
Duchy,duchy,en,,,hasSubject,33,,,,,,,
Durchschlag,,de,,,hasSubject,1581,,,,,,,
Durchschlag mit handschriftlichen Annotationen,,de,,,hasSubject,185,,,,,,,
Durchschlag mit handschriftlichen Überarbeitungen,,de,,,hasSubject,208,,,,,,,
Durchschlag mit handschriftlicher Mitteilung,,de,,,hasSubject,4,,,,,,,
Durchschlag mit sonstigen Schreibspuren,,de,,,hasSubject,2,,,,,,,
Edition,,de,,,hasSubject,2,,,,,,,
educational,,en,,,hasSubject,12,,,,,,,
educational conversation,,en,,,hasSubject,20,,,,,,,
educational interview,,en,,,hasSubject,25,,,,,,,
educational seminar discussion,,en,,,hasSubject,30,,,,,,,
educational service encounter,,en,,,hasSubject,25,,,,,,,
educational working group discussion,,en,,,hasSubject,25,,,,,,,
educational workshop discussion,,en,,,hasSubject,50,,,,,,,
Ehrenbeleidigung,,de,,,hasSubject,35,,,,,,,
Ehrenerklärung,,de,,,hasSubject,2,,,,,,,
Ehrenkränkung,,de,,,hasSubject,1,,,,,,,
Eingabe,,de,,,hasSubject,4,,,,,,,
Eingestellt,eingestellt,de,,,hasSubject,5,,,,,,,
Einigung,,de,,,hasSubject,1,,,,,,,
Einspruch,,de,,,hasSubject,6,,,,,,,
Electorate,electorate,en,,,hasSubject,1,,,,,,,
electrical resistivity imaging,,en,,,hasAppliedMethod,1,,,,,,,
Empire,empire,en,,,hasSubject,24,,,,,,,
English as a lingua franca,,en,,,hasSubject,787,,,,,,,
Entente,,de,,,hasSubject,5,,,,,,,
Entschuldigung,,de,,,hasSubject,2,,,,,,,
Entwurf,,de,,,hasSubject,2,,,,,,,
Entwurf (jur.),,de,,,hasSubject,49,,,Entwurf,jur.,,,
Ergänzung,,de,,,hasSubject,16,,,,,,,
Erhaltsbestätigung,,de,,,hasSubject,41,,,,,,,
Erklärung (Ausgang),,de,,,hasSubject,1,,,Erklärung,Ausgang,,,
Erklärung (jur.),,de,,,hasSubject,26,,,Erklärung,jur.,,,
Erlagschein,,de,,,hasSubject,14,,,,,,,
Ernennung,,de,,,hasSubject,13,,,,,,,
Eröerterung,Erörterung,de,,,hasSubject,2,,,,,,,
Erpressung,,de,,,hasSubject,3,,,,,,,
Ersatzanspruch,,de,,,hasSubject,2,,,,,,,
European Concert of Powers,,en,,,hasSubject,1,,,,,,,
excavation,,en,,,hasAppliedMethod,1,,,,,,,
excavation data,,en,,,hasSubject,1,,,,,,,
Exekutionsausweis,,de,,,hasSubject,2,,,,,,,
Exekutionsbewilligung,,de,,,hasSubject,4,,,,,,,
Expensen-Note,,de,,,hasSubject,2,,,,,,,
Fachprüfung,,de,,,hasSubject,1,,,,,,,
Falsche Zeugenaussage,falsche Zeugenaussage,de,,,hasSubject,2,,,,,,,
Fieldwork archive,fieldwork archive,en,,,hasSubject,3,,,,,,,
Föderalismus,,de,,,hasSubject,11,,,,,,,
Forderung bezahlt,,de,,,hasSubject,3,,,,,,,
Fortbildung,,de,,,hasSubject,4,,,,,,,
Fotografie,,de,,,hasSubject,2,,,,,,,
Fotografie (Mat.),,de,,,hasSubject,6,,,Fotografie,Mat.,,,
Fotografie (Obj.),,de,,,hasSubject,2,,,Fotografie,Obj.,,,
Fotografien,,de,,,hasSubject,11,,Fotografie,,,,,
französische Regierung,,de,,,hasSubject,1,,,,,,,
Free City,free city,en,,,hasSubject,6,,,,,,,
Freispruch,,de,,,hasSubject,14,,,,,,,
Friedensverhandlungen,,de,,,hasSubject,10,,Friedensverhandlung,,,,,
Friedhof,,de,,,hasSubject,7,,,,,,,
garden,,en,,,hasSubject,7,,,,,,,
Garten,,de,,,hasSubject,7,,,,,,,
Gedächtnisprotokoll,,de,,,hasSubject,4,,,,,,,
Gedicht,,de,,,hasSubject,2,,,,,,,
Gefährliche Drohung,gefährliche Drohung,de,,,hasSubject,1,,,,,,,
Geist (moderner),,de,,,hasSubject,3,,,,,,,moderner Geist
Geldbuße,,de,,,hasSubject,4,,,,,,,
Geldstrafe,,de,,,hasSubject,2,,,,,,,
Gemeindewahlrecht,,de,,,hasSubject,9,,,,,,,
Genfer Protokolle,,de,,,hasSubject,1,,,,,,,
GeoJSON Dataset,,en,,,hasCategory,2530,105587,,,,,,
GeoJSON-Datenset,,de,,,hasCategory,2530,105587,,,,,,
geological survey,,en,,,hasAppliedMethod,1,,,,,,,
geomorphological survey,,en,,,hasAppliedMethod,1,,,,,,,
Georeferenced Image,,en,,,hasCategory,0,139815,,,,,,
Georeferenziertes Bild,,de,,,hasCategory,0,139815,,,,,,
Gesandtenkonferenz,,de,,,hasSubject,6,,,,,,,
Geschichte,,de,,,hasSubject,2940,,,,,,,
Geschichte des Lesens,,de,,,hasSubject,126,,,,,,,
Gewerkschaft,,de,,,hasSubject,17,,,,,,,
Governmental District,governmental district,en,,,hasSubject,62,,,,,,,
Grab,,de,,,hasSubject,7,,,,,,,
Grabungsdaten,,de,,,hasSubject,1,,,,,,,
Grammar,,en,,,hasCategory,0,139818,,,,,,
Grammatik,,de,,,hasCategory,0,139818,,,,,,
Grand Duchy,grand duchy,en,,,hasSubject,12,,,,,,,
Grand Principality,grand principality,en,,,hasSubject,1,,,,,,,
grave,,en,,,hasSubject,9,,,,,,,
Great Powers,,en,,,hasSubject,1,,Great Power,,,,,
Gremium,,de,,,hasSubject,1,,,,,,,
Griechenland,,de,,,hasSubject,13,,,,,,,
Großdeutsche Volkspartei,,de,,,hasSubject,1,,,,,,,
group designations,,en,,,hasSubject,2,,group designation,,,,,
Grundbuch,,de,,,hasSubject,2940,,,,,,,
Gutachten,,de,,,hasSubject,4,,,,,,,
Gutschrift,,de,,,hasSubject,6,,,,,,,
Haus,,de,,,hasSubject,7,,,,,,,
High Commissariat,high commissariat,en,,,hasSubject,1,,,,,,,
High-Bailiwick,,en,,,hasSubject,14,,,,,,,
historic administrative units,,en,,,hasSubject,2650,,historic administrative unit,,,,,
Historical Network Research,historical network research,en,,,hasSubject,2,,,,,,,
historical newspapers,,en,,,hasSubject,1,,historical newspaper,,,,,
historical travel guides,,en,,,hasSubject,13,,historical travel guide,,,,,
History of diplomacy,history of diplomacy,en,,,hasSubject,1,,,,,,,
Holy Roman Empire,,en,,,hasSubject,2,,,,,,,
Honorar,,de,,,hasSubject,1,,,,,,,
house,,en,,,hasSubject,7,,,,,,,
Image,,en,,,hasCategory,188461,48512,,,,,,
Imperial Circle,imperial circle,en,,,hasSubject,40,,,,,,,
Imperial Free City,imperial free city,en,,,hasSubject,4,,,,,,,
Indiskretion,,de,,,hasSubject,1,,,,,,,
Information,,de,,,hasSubject,4,,,,,,,
inked drawings,,en,,,hasAppliedMethod,6,,inked drawing,,,,,
Inscription,inscription,en,,,hasSubject,1,,,,,,,
interaction,,en,,,hasSubject,787,,,,,,,
Interactive Resource,,en,,,hasCategory,0,48883,,,,,,
Interaktive Ressource,,de,,,hasCategory,0,48883,,,,,,
interculturality,,en,,,hasSubject,787,,,,,,,
Internationales Postrecht,internationales Postrecht,de,,,hasSubject,2,,,,,,,
Intertextualität,,de,,,hasSubject,11,,,,,,,
interview,,en,,,hasSubject,32,,,,,,,
journalistic prose,,en,,,hasSubject,1,,,,,,,
Jude,,de,,,hasSubject,3,,,,,,,
Juristisches Dokument,juristisches Dokument,de,,,hasSubject,3,,,,,,,
Kanal,,de,,,hasSubject,7,,,,,,,
Kapelle,,de,,,hasSubject,7,,,,,,,
Kassabestätigung,,de,,,hasSubject,10,,,,,,,
Kassazettel,,de,,,hasSubject,5,,,,,,,
Keramik,,de,,,hasSubject,7,,,,,,,
Kerr,,de,,,hasSubject,9,,,,,,,
Kingdom,kingdom,en,,,hasSubject,79,,,,,,,
Klage,,de,,,hasSubject,28,,,,,,,
Klage wegen Forderung,,de,,,hasSubject,1,,,,,,,
Klagebeantwortung,,de,,,hasSubject,6,,,,,,,
Klagrückziehung,Klagsrückziehung,de,,,hasSubject,6,,,,,,,
Koalitionsfreiheit,,de,,,hasSubject,16,,,,,,,
Koalitionsrecht,,de,,,hasSubject,1,,,,,,,
Kongress von Aachen,,de,,,hasSubject,1,,,,,,,
Kongress von Laibach,,de,,,hasSubject,1,,,,,,,
Kongress von Troppau,,de,,,hasSubject,1,,,,,,,
Kongress von Verona,,de,,,hasSubject,1,,,,,,,
Kongressakten,,de,,,hasSubject,1,,Kongressakt,,,,,
Konterrevolution,,de,,,hasSubject,1,,,,,,,
Kontrolliertes Vokabular,,de,,,hasCategory,2,220409,,,,,,
Konzept (jur.),,de,,,hasSubject,10,,,Konzept,jur.,,,
Kopie,,de,,,hasSubject,223,,,,,,,
Korpus,,de,,,hasCategory,4,139812,,,,,,
Korrespondenz,,de,,,hasSubject,7,,,,,,,
Kostenaufstellung,,de,,,hasSubject,14,,,,,,,
Kostenbestimmungsbeschluss,,de,,,hasSubject,6,,,,,,,
Kostenfestsetzung,,de,,,hasSubject,40,,,,,,,
Kostennote,,de,,,hasSubject,2,,,,,,,
Kronos-Verlag,,de,,,hasSubject,1,,,,,,,
Kündigung,,de,,,hasSubject,11,,,,,,,
Ladung,,de,,,hasSubject,87,,,,,,,
Landgraviate,landgraviate,en,,,hasSubject,1,,,,,,,
language choice,,en,,,hasSubject,1,,,,,,,
language contact,,en,,,hasSubject,1,,,,,,,
language mapping,,en,,,hasSubject,1,,,,,,,
language variation,,en,,,hasSubject,1,,,,,,,
Laufbahn,,de,,,hasSubject,1,,,,,,,
Laufbahn (Folgen),,de,,,hasSubject,1,,,Laufbahn,Folgen,,,
Lebensumstände,,de,,,hasSubject,5,,Lebensumstand,,,,,
leisure,,en,,,hasSubject,12,,,,,,,
leisure conversation,,en,,,hasSubject,105,,,,,,,
leisure interview,,en,,,hasSubject,25,,,,,,,
lemmatization,lemmatisation,en,,,hasSubject,315,,,,,,,
Lesbos,,de,,,hasSubject,13,,,,,,,
Lesezeichen,,de,,,hasSubject,2,,,,,,,
Leumundsnote,,de,,,hasSubject,2,,,,,,,
Lexical Resource,,en,,,hasCategory,3,139817,,,,,,
lexical resources,,en,,,hasSubject,1,,lexical resource,,,,,
Lexikalische Ressource,,de,,,hasCategory,3,139817,,,,,,
linguistic landscape,,en,,,hasSubject,1,,,,,,,
linked open data,,en,,,hasSubject,3,,,,,,,
Liste,,de,,,hasSubject,2,,,,,,,
Liste (jur.),,de,,,hasSubject,7,,,Liste,jur.,,,
Liste (korr.),,de,,,hasSubject,2,,,Liste,korr.,,,
Literarische Berichtigung,literarische Berichtigung,de,,,hasSubject,10,,,,,,,
Literarischer Text,literarischer Text,de,,,hasSubject,7,,,,,,,
Literarisches Werk,literarisches Werk,de,,,hasSubject,2,,,,,,,
Literaturwissenschaft,,de,,,hasSubject,11,,,,,,,
lithics,,en,,,hasSubject,2,,,,,,,
Lohnforderung,,de,,,hasSubject,26,,,,,,,
Lohnverhandlung,,de,,,hasSubject,9,,,,,,,
Lokalpolitik,,de,,,hasSubject,2,,,,,,,
Luftkrieg,,de,,,hasSubject,2,,,,,,,
Mächtekongress,,de,,,hasSubject,1,,,,,,,
Mächtekonzert,,de,,,hasSubject,1,,,,,,,
magnetometer survey,,en,,,hasAppliedMethod,150,,,,,,,
Mandat (politisches),,de,,,hasSubject,2,,,,,,,politisches Mandat
manual,,en,,,hasSubject,1,,,,,,,
Manuskript,,de,,,hasSubject,256,,,,,,,
Manuskript mit handschriftlichen Annotationen,,de,,,hasSubject,4,,,,,,,
Manuskript mit handschriftlicher Mitteilung,,de,,,hasSubject,2,,,,,,,
Mappe,,de,,,hasSubject,298,,,,,,,
Margraviate,margraviate,en,,,hasSubject,4,,,,,,,
mark-up,,en,,,hasSubject,1,,,,,,,
mark-up conventions,,en,,,hasSubject,1,,mark-up convention,,,,,
Medienhistorisches,,de,,,hasSubject,13,,,,,,,
Medienwissenschaft,,de,,,hasSubject,11,,,,,,,
Medieval Austria,medieval Austria,en,,,hasSubject,2,,,,,,,
Medieval Germany,medieval Germany,en,,,hasSubject,2,,,,,,,
Medieval Prosopography,medieval prosopography,en,,,hasSubject,2,,,,,,,
meeting,,en,,,hasSubject,32,,,,,,,
Memorandum,,de,,,hasSubject,5,,,,,,,
Middle Ages,,en,,,hasSubject,2,,,,,,,
Militarismus,,de,,,hasSubject,9,,,,,,,
Military District,military district,en,,,hasSubject,5,,,,,,,
Military Frontier,military frontier,en,,,hasSubject,8,,,,,,,
military frontier,,en,,,hasSubject,1,,,,,,,
Military Government,military government,en,,,hasSubject,1,,,,,,,
Mining Captaincy,mining captaincy,en,,,hasSubject,4,,,,,,,
Mitbestimmung,,de,,,hasSubject,53,,,,,,,
Mitschrift,,de,,,hasSubject,2,,,,,,,
Mitschriften,,de,,,hasSubject,2,,Mitschrift,,,,,
Mitteilung,,de,,,hasSubject,37,,,,,,,
Model,,en,,,hasCategory,218,48541,,,,,,
Modell,,de,,,hasCategory,218,48541,,,,,,
Monarchenkongresse,,de,,,hasSubject,1,,Monarchenkongress,,,,,
monument,,en,,,hasSubject,1,,,,,,,
multilingualism,,en,,,hasSubject,788,,,,,,,
Nachkriegskrise,,de,,,hasSubject,5,,,,,,,
Nachrede,,de,,,hasSubject,1,,,,,,,
Nachricht,,de,,,hasSubject,6,,,,,,,
Nationalität,,de,,,hasSubject,5,,,,,,,
Nationalsozialismus,,de,,,hasSubject,4,,,,,,,
Neolithic Anatolia,,en,,,hasSubject,4,,,,,,,
Neolithic Greece,,en,,,hasSubject,4,,,,,,,
Neolithic pottery,,en,,,hasSubject,1,,,,,,,
Neolithic sites,,en,,,hasSubject,1,,Neolithic site,,,,,
Nicht verfolgt,nicht verfolgt,de,,,hasSubject,10,,,,,,,
None,none,en,,,hasSubject,4,,,,,,,
Notiz,,de,,,hasSubject,26,,,,,,,
Occupied Territory,occupied territory,en,,,hasSubject,2,,,,,,,
online site database,,en,,,hasSubject,6,,,,,,,
Ontologie,,de,,,hasSubject,6,,,,,,,
ontology,,en,,,hasSubject,6,,,,,,,
open data,,en,,,hasSubject,1,,,,,,,
Opferbereitschaft,,de,,,hasSubject,1,,,,,,,
Order of the Golden Fleece,,en,,,hasSubject,2,,,,,,,
Originalmappe,,de,,,hasSubject,292,,,,,,,
Originalumschlag,,de,,,hasSubject,44,,,,,,,
Österreich 1849-1860,,de,,,hasSubject,1,,,,,,,
Other,,en,,,hasCategory,6,48525,,,,,,
palace,,en,,,hasSubject,7,,,,,,,
Palast,,de,,,hasSubject,7,,,,,,,
Pamphlet,,de,,,hasSubject,3,,,,,,,
panel,,en,,,hasSubject,32,,,,,,,
Papal State,,en,,,hasSubject,3,,,,,,,
part-of-speech tagging,,en,,,hasSubject,317,,,,,,,
Pauperisierung,,de,,,hasSubject,1,,,,,,,
Pensionierung,,de,,,hasSubject,109,,,,,,,
Personalkommission,,de,,,hasSubject,11,,,,,,,
Personalpolitik,,de,,,hasSubject,3,,,,,,,
Personalrat,,de,,,hasSubject,2,,,,,,,
Personalvertretung,,de,,,hasSubject,26,,,,,,,
Persönlichkeitsrechtsverletzung,,de,,,hasSubject,1,,,,,,,
Petrographic analysis.,petrographic analysis,en,,,hasAppliedMethod,3,,,,,,,
Phonogrammarchiv,,de,,,hasSubject,4,,,,,,,
photography,,en,,,hasAppliedMethod,2934,,,,,,,
photography in public,,en,,,hasAppliedMethod,1,,,,,,,
Photography.,photography,en,,,hasAppliedMethod,906,,,,,,,
photography.,photography,en,,,hasAppliedMethod,9,,,,,,,
Physical Object,,en,,,hasCategory,0,48884,,,,,,
Physisches Objekt,,de,,,hasCategory,0,48884,,,,,,
Plagiat,,de,,,hasSubject,1,,,,,,,
Plakat,,de,,,hasSubject,2,,,,,,,
Politische Maßregelung,politische Maßregelung,de,,,hasSubject,1,,,,,,,
Politische Organisierung,politische Organisierung,de,,,hasSubject,3,,,,,,,
Politische Parteien,politische Parteien,de,,,hasSubject,6,,politische Partei,,,,,
Politische Verhältnisse,politische Verhältnisse,de,,,hasSubject,4,,,,,,,
post-colonial,postcolonial,en,,,hasSubject,1,,,,,,,
Postanweisung,,de,,,hasSubject,4,,,,,,,
Postkarte,,de,,,hasSubject,44,,,,,,,
pottery,,en,,,hasSubject,9,,,,,,,
pottery documentation,,en,,,hasAppliedMethod,20,,,,,,,
Pottery documentation.,pottery documentation,en,,,hasAppliedMethod,2,,,,,,,
pottery fragments,,en,,,hasSubject,11805,,pottery fragment,,,,,
press conference,,en,,,hasSubject,32,,,,,,,
Pressedelikt,,de,,,hasSubject,69,,,,,,,
Pressrecht,Presserecht,de,,,hasSubject,69,,,,,,,
Preßrechtsverstoß,Presserechtsverstoß,de,,,hasSubject,81,,,,,,,
Princely County,princely county,en,,,hasSubject,5,,,,,,,
Principality,principality,en,,,hasSubject,14,,,,,,,
Privatanklage,,de,,,hasSubject,95,,,,,,,
Privatanklagedelikt,,de,,,hasSubject,135,,,,,,,
privater Buchbesitz,,de,,,hasSubject,126,,,,,,,
Privatrecht,,de,,,hasSubject,9,,,,,,,
Privatrechtliche Vereinbarung,privatrechtliche Vereinbarung,de,,,hasSubject,3,,,,,,,
professional business,,en,,,hasSubject,12,,,,,,,
professional business conversation,,en,,,hasSubject,5,,,,,,,
professional business meeting,,en,,,hasSubject,40,,,,,,,
professional business panel,,en,,,hasSubject,20,,,,,,,
professional business question-answer session,,en,,,hasSubject,20,,,,,,,
professional business service encounter,,en,,,hasSubject,30,,,,,,,
professional organizational,,en,,,hasSubject,12,,,,,,,
professional organizational conversation,,en,,,hasSubject,15,,,,,,,
professional organizational meeting,,en,,,hasSubject,60,,,,,,,
professional organizational press conference,,en,,,hasSubject,25,,,,,,,
professional organizational working group discussion,,en,,,hasSubject,65,,,,,,,
professional organizational workshop discussion,,en,,,hasSubject,40,,,,,,,
professional research and science,,en,,,hasSubject,12,,,,,,,
Programmheft,,de,,,hasSubject,4,,,,,,,
Protectorate,protectorate,en,,,hasSubject,2,,,,,,,
Protest,,de,,,hasSubject,2,,,,,,,
Protokoll,,de,,,hasSubject,100,,,,,,,
Province,province,en,,,hasSubject,75,,,,,,,
Provincial Government,provincial government,en,,,hasSubject,5,,,,,,,
Publizistisches Dokument,publizistisches Dokument,de,,,hasSubject,7,,,,,,,
Qualifikationsbeschwerde,,de,,,hasSubject,1,,,,,,,
quarry,,en,,,hasSubject,2,,,,,,,
Quarter,quarter,en,,,hasSubject,4,,,,,,,
question-answer session,,en,,,hasSubject,32,,,,,,,
Radiogramm,,de,,,hasSubject,9,,,,,,,
Rechnung,,de,,,hasSubject,13,,,,,,,
Rechtsgeschichte,,de,,,hasSubject,11,,,,,,,
Rechtsmittelanmeldung,,de,,,hasSubject,2,,,,,,,
Rechtsnachfolge,,de,,,hasSubject,7,,,,,,,
Recording Session,,en,,,hasCategory,0,139811,,,,,,
Rede,,de,,,hasCategory,24,139819,,,,,,
Rekurs,,de,,,hasSubject,4,,,,,,,
remote sensing,,en,,,hasAppliedMethod,1,,,,,,,
Repression,,de,,,hasSubject,32,,,,,,,
Republic,republic,en,,,hasSubject,6,,,,,,,
research event,,en,,,hasSubject,3,,,,,,,
Revisionsbeantwortung,,de,,,hasSubject,2,,,,,,,
Revisionsschrift,,de,,,hasSubject,2,,,,,,,
ritual pits,,en,,,hasSubject,7,,,,,,,
rockshelter,rock shelter,en,,,hasSubject,2,,,,,,,
Rückschein,,de,,,hasSubject,78,,,,,,,
Rückzahlung,,de,,,hasSubject,1,,,,,,,
Rufschädigung,,de,,,hasSubject,1,,,,,,,
Ruhestand,,de,,,hasSubject,26,,,,,,,
scarab,,en,,,hasSubject,7,,,,,,,
Schadensersatz,,de,,,hasSubject,1,,,,,,,
Scheitern der Exekution,,de,,,hasSubject,1,,,,,,,
schema,,en,,,hasSubject,1,,,,,,,
Schober,Johann Schober,de,,,hasSubject,10,,,,,,,
Schriftsatz,,de,,,hasSubject,84,,,,,,,
Schuldrecht,,de,,,hasSubject,3,,,,,,,
Schweiz,,de,,,hasSubject,1,,,,,,,
search manual,,en,,,hasSubject,1,,,,,,,
Seat,seat,en,,,hasSubject,14,,,,,,,
Second world war,Second World War,en,,,hasSubject,959,,,,,,,
sediment analysis,,en,,,hasAppliedMethod,1,,,,,,,
Selbstbestimmungsrecht,,de,,,hasSubject,4,,,,,,,
Selbstverwaltung,,de,,,hasSubject,1,,,,,,,
seminar discussion,,en,,,hasSubject,32,,,,,,,
Service,,de,,,hasCategory,0,48885,,,,,,
Service,,en,,,hasCategory,0,48885,,,,,,
service encounter,,en,,,hasSubject,32,,,,,,,
settlement,,en,,,hasSubject,9,,,,,,,
Siedlung,,de,,,hasSubject,7,,,,,,,
sights,,en,,,hasSubject,2,,,,,,,
site,,en,,,hasSubject,1,,,,,,,
Skarabäus,,de,,,hasSubject,7,,,,,,,
small finds,,en,,,hasSubject,2,,small find,,,,,
Software,,de,,,hasCategory,0,48886,,,,,,
Software,,en,,,hasCategory,0,48886,,,,,,
Sonstiger Materialitätstyp,sonstiger Materialitätstyp,de,,,hasSubject,12,,,,,,,
Sonstiger Rechtsbereich,sonstiger Rechtsbereich,de,,,hasSubject,50,,,,,,,
Sound,,en,,,hasCategory,0,48887,,,,,,
Sozialdemokratie,,de,,,hasSubject,19,,,,,,,
Soziale Fürsorge,soziale Fürsorge,de,,,hasSubject,2,,,,,,,
Sozialgeschichte,,de,,,hasSubject,7,,,,,,,
Speech,,en,,,hasCategory,24,139819,,,,,,
spelling,,en,,,hasSubject,1,,,,,,,
spelling conventions,,en,,,hasSubject,1,,spelling convention,,,,,
Staatsangestelltenkammer,,de,,,hasSubject,10,,,,,,,
Staatsangestelltenrat,,de,,,hasSubject,6,,,,,,,
Staatsbediensteten-Kommission,,de,,,hasSubject,1,,,,,,,
Staatsbedienstetenorganisationen,,de,,,hasSubject,25,,Staatsbedienstetenorganisation,,,,,
Staatsvertrag (St. Germain),,de,,,hasSubject,4,,,,,,,Staatsvertrag von St. Germain
Statutory City,statutory city,en,,,hasSubject,42,,,,,,,
Strafantrag,,de,,,hasSubject,6,,,,,,,
Strafanzeige,,de,,,hasSubject,22,,,,,,,
Straferkenntnis,,de,,,hasSubject,6,,,,,,,
Strafrecht,,de,,,hasSubject,134,,,,,,,
Strafregisterauszug,,de,,,hasSubject,4,,,,,,,
Strafverfahrensakt,,de,,,hasSubject,4,,,,,,,
Streik,,de,,,hasSubject,21,,,,,,,
Streitige Zivilrechtssache,streitige Zivilrechtssache,de,,,hasSubject,12,,,,,,,
structure from motion,,en,,,hasAppliedMethod,1,,,,,,,
Suburb,suburb,en,,,hasSubject,34,,,,,,,
Sühne,,de,,,hasSubject,1,,,,,,,
surface survey,,en,,,hasAppliedMethod,1,,,,,,,
Survey,,de,,,hasAppliedMethod,1,,,,,,,
survey,,en,,,hasAppliedMethod,1,,,,,,,
Systemisierung,,de,,,hasSubject,5,,,,,,,
Tabellarisches Datenset,,de,,,hasCategory,114,139813,,,,,,
Tabular Dataset,,en,,,hasCategory,114,139813,,,,,,
tag set,,en,,,hasSubject,1,,,,,,,
Tagebuch,,de,,,hasSubject,3,,,,,,,
Tagebücher,,de,,,hasSubject,2,,Tagebuch,,,,,
TEI,,en,,,hasSubject,1,,,,,,,
TEI schema,,en,,,hasSubject,3,,,,,,,
TEI-schema,TEI schema,en,,,hasSubject,1,,,,,,,
Telegramm,,de,,,hasSubject,31,,,,,,,
Tempel,,de,,,hasSubject,7,,,,,,,
temple,,en,,,hasSubject,7,,,,,,,
Testament,,de,,,hasSubject,2,,,,,,,
Text,,de,,,hasCategory,1088,48522,,,,,,
Text,,en,,,hasCategory,1088,48522,,,,,,
textual annotation,,en,,,hasAppliedMethod,1,,,,,,,
Theater,,de,,,hasSubject,12,,,,,,,
thesaurus,,en,,,hasSubject,2,,,,,,,
Tirol,,de,,,hasSubject,7,,,,,,,
Tonaufnahmen,,de,,,hasSubject,2,,Tonaufnahme,,,,,
topographical survey,,en,,,hasAppliedMethod,1,,,,,,,
Totenhütte,,de,,,hasSubject,7,,,,,,,
tower building,,en,,,hasSubject,7,,,,,,,
transcription,,en,,,hasSubject,1,,,,,,,
transcription conventions,,en,,,hasSubject,2,,transcription convention,,,,,
tschechoslowak. Staatsdienst,tschechoslowakischer Staatsdienst,de,,,hasSubject,39,,,,,,,
tschechoslowakische Regierung,,de,,,hasSubject,5,,,,,,,
tschechoslowakisches Militär,,de,,,hasSubject,1,,,,,,,
Turmhäuser,,de,,,hasSubject,7,,,,,,,
Typoskript,,de,,,hasSubject,1352,,,,,,,
Typoskript mit handschirftlichen Überarbeitungen,Typoskript mit handschriftlichen Überarbeitungen,de,,,hasSubject,67,,,,,,,
Typoskript mit handschriftlichen Änderungen,,de,,,hasSubject,2,,,,,,,
Typoskript mit handschriftlichen Annotationen,,de,,,hasSubject,184,,,,,,,
Typoskript mit handschriftlichen Mittelung,Typoskript mit handschriftlicher Mitteilung,de,,,hasSubject,9,,,,,,,
Typoskript mit handschriftlichen Überarbeitungen,,de,,,hasSubject,155,,,,,,,
Typoskript mit handschriftlicher Mitteilung,,de,,,hasSubject,4,,,,,,,
Typoskript mit sonstigen Schreibspuren,,de,,,hasSubject,4,,,,,,,
Übersetzung,,de,,,hasSubject,29,,,,,,,
Überweisung,,de,,,hasSubject,2,,,,,,,
Überweisungsbeschluss,,de,,,hasSubject,2,,,,,,,
Umschlag,,de,,,hasSubject,48,,,,,,,
Umsiedlung,,de,,,hasSubject,1,,,,,,,
Unautorisierte Aufführung,unautorisierte Aufführung,de,,,hasSubject,1,,,,,,,
Unbefugte Kolportage,unbefugte Kolportage,de,,,hasSubject,1,,,,,,,
Ungleichbehandlung,,de,,,hasSubject,10,,,,,,,
unknown adm,unknown administrative unit,en,,,hasSubject,1,,,,,,,
Unstreitige Zivilrechtssache,unstreitige Zivilrechtssache,de,,,hasSubject,5,,,,,,,
Urheberrechtsverletzung,,de,,,hasSubject,18,,,,,,,
Urheberrechtsverletzung (Bel.),,de,,,hasSubject,1,,,Urheberrechtsverletzung,Bel.,,,
Urteil,,de,,,hasSubject,109,,,,,,,
Vereinsfreiheit,,de,,,hasSubject,2,,,,,,,
Verfügung,,de,,,hasSubject,2,,,,,,,
Verfügungsbogen,,de,,,hasSubject,4,,,,,,,
Vergeltung,,de,,,hasSubject,5,,,,,,,
Vergleich (Ausgang),,de,,,hasSubject,14,,,Vergleich,Ausgang,,,
Verhaftung,,de,,,hasSubject,1,,,,,,,
Verlagswesen,,de,,,hasSubject,6,,,,,,,
Verlassenschaftsabhandlung,,de,,,hasSubject,2,,,,,,,
Verlautbarung,,de,,,hasSubject,2,,,,,,,
Verletzung des Rechts am eigenen Bild,,de,,,hasSubject,1,,,,,,,
Verleumdung,,de,,,hasSubject,1,,,,,,,
Vernehmung,,de,,,hasSubject,32,,,,,,,
Verrechnung,,de,,,hasSubject,2,,,,,,,
Versammlung,,de,,,hasSubject,2,,,,,,,
Versammlungsfreiheit,,de,,,hasSubject,2,,,,,,,
Versetzung,,de,,,hasSubject,7,,,,,,,
Versetzung außerhalb Wiens,,de,,,hasSubject,1,,,,,,,
Versicherung,,de,,,hasSubject,7,,,,,,,
Verständigung,,de,,,hasSubject,43,,,,,,,
Versteigerung,,de,,,hasSubject,1,,,,,,,
vertical electrical sounding,,en,,,hasAppliedMethod,5,,,,,,,
Vertrag,,de,,,hasSubject,9,,,,,,,
Vertragsbruch,,de,,,hasSubject,4,,,,,,,
Vertragsverletzung,,de,,,hasSubject,4,,,,,,,
Vertrauensmänner,,de,,,hasSubject,7,,Vertrauensmann,,,,,
Verurteilung,,de,,,hasSubject,28,,,,,,,
Verwaltung,,de,,,hasSubject,65,,,,,,,
Verwaltungsrecht,,de,,,hasSubject,6,,,,,,,
Verwaltungsrechtssache,,de,,,hasSubject,1,,,,,,,
Verzeichnis,,de,,,hasSubject,12,,,,,,,
Viennese Dialectological School,Viennese dialectological school,en,,,hasSubject,1,,,,,,,
Villa,,de,,,hasSubject,7,,,,,,,
villa,,en,,,hasSubject,7,,,,,,,
Voivodeship,voivodeship,en,,,hasSubject,1,,,,,,,
Vollmacht,,de,,,hasSubject,12,,,,,,,
Vorrückung,,de,,,hasSubject,26,,,,,,,
wall painting,,en,,,hasSubject,7,,,,,,,
Wandmalerei,,de,,,hasSubject,7,,,,,,,
Wasserleitung,,de,,,hasSubject,7,,,,,,,
Werkstatt,,de,,,hasSubject,7,,,,,,,
Wien[n]erisches Diarium,,de,,,hasSubject,1,,,,,,,
Wiener Kongress,,de,,,hasSubject,1,,,,,,,
Wiener Zeitung,,de,,,hasSubject,1,,,,,,,
Wolff,,de,,,hasSubject,9,,,,,,,
word tokenization,word tokenisation,en,,,hasSubject,157,,,,,,,
Workflow,,en,,,hasCategory,0,48888,,,,,,
"Workflow, Arbeitsablauf",,de,,,hasCategory,0,48888,,,,,,
working group discussion,,en,,,hasSubject,32,,,,,,,
workshop,,en,,,hasSubject,7,,,,,,,
workshop discussion,,en,,,hasSubject,32,,,,,,,
written language in public space,,en,,,hasSubject,1,,,,,,,
XML,,en,,,hasSubject,1,,,,,,,
XML/TEI,,de,,,hasCategory,30341,48511,,,,,,
XML/TEI,,en,,,hasCategory,30341,48511,,,,,,
Zahlungsauftrag,,de,,,hasSubject,10,,,,,,,
Zahlungseingangsbestätigung,,de,,,hasSubject,9,,,,,,,
Zahlungsverpflichtung,,de,,,hasSubject,2,,,,,,,
Zeitun,Zeitung,de,,,hasSubject,2,,,,,,,
Zeitung,,de,,,hasSubject,9,,,,,,,
Zeitungsartikel,,de,,,hasSubject,354,,,,,,,
Zensur,,de,,,hasSubject,5,,,,,,,
Zeugenaussage,,de,,,hasSubject,11,,,,,,,
Zivilrecht,,de,,,hasSubject,18,,,,,,,
Zurücknahme,,de,,,hasSubject,10,,,,,,,
Zurückweisung,,de,,,hasSubject,1,,,,,,,
Zurückweisung (jur.),,de,,,hasSubject,2,,,Zurückweisung,jur.,,,
Zurückziehung der Klage,,de,,,hasSubject,6,,,,,,,
Zustellung,,de,,,hasSubject,3,,,,,,,
Zweiter Weltkrieg,,de,,,hasSubject,2,,,,,,,
Zwischenkriegszeit,,de,,,hasSubject,958,,,,,,,
zwischenstaatliche Vereinbarung,,de,,,hasSubject,24,,,,,,,
zwischenstaatliche Verhandlung,,de,,,hasSubject,32,,,,,,,