"id","value","qualification","property","lang","notes_lang","variants","singular form"
001,photography,,hasAppliedMethod,en,,,
002,scanning,,hasAppliedMethod,en,,,
003,3D scanning,,hasAppliedMethod,en,,,
004,photography,,hasAppliedMethod,en,,,
005,photography,,hasAppliedMethod,en,,,
006,data management,,hasAppliedMethod,en,,,
006,data curation,,hasAppliedMethod,en,,,
007,archaeological excavation,,hasAppliedMethod,en,,,
007,pottery documentation,,hasAppliedMethod,en,,,
007,photography,,hasAppliedMethod,en,,,
008,lemmatization,,hasAppliedMethod,en,,,
009,part-of-speech tagging,,hasAppliedMethod,en,,,
010,tokenization,,hasAppliedMethod,en,,,
012,XML/TEI (P5),,hasAppliedMethod,en,abbreviation,,
013,OCR,,hasAppliedMethod,en,abbreviation,optical character recognition,
014,pottery documentation,,hasAppliedMethod,en,,,
014,inked drawings,,hasAppliedMethod,en,,,inked drawing
015,TEI schema customization,,hasAppliedMethod,en,,,
016,XML/TEI structural and semantic annotation,,hasAppliedMethod,en,,,
017,archaeological excavation,,hasAppliedMethod,en,,,
017,pottery documentation,,hasAppliedMethod,en,,,
017,photography,,hasAppliedMethod,en,,,
018,CT scans,,hasAppliedMethod,en,,,CT scan
019,index file creation,,hasAppliedMethod,en,,,
020,petrographic analysis,,hasAppliedMethod,en,,,
021,Photogrammetrie,,hasAppliedMethod,de,,,
022,structure from motion,,hasAppliedMethod,en,,,
023,Airborne Laserscanning,,hasAppliedMethod,de,,,
024,Bauaufnahme,,hasAppliedMethod,de,,,
025,Fernerkundung,,hasAppliedMethod,de,,,
026,Luftbild,,hasAppliedMethod,de,,,
027,pottery documentation,,hasAppliedMethod,en,,,
028,SKOS,,hasAppliedMethod,en,abbreviation,Simple Knowledge Organization System,
029,Survey,,hasAppliedMethod,de,,,
030,3D-Dokumentation,,hasAppliedMethod,de,,,
031,3D-Modellierung,,hasAppliedMethod,de,,,
032,3D scanning,,hasAppliedMethod,en,,,
033,archaeological excavation,,hasAppliedMethod,en,,,
034,Archäometrie,,hasAppliedMethod,de,,,
035,borehole sampling,,hasAppliedMethod,en,,,
036,CT scans,,hasAppliedMethod,en,,,CT scan
037,geological survey,,hasAppliedMethod,en,,,
038,Geomagnetik,,hasAppliedMethod,de,,,
039,geomorphological survey,,hasAppliedMethod,en,,,
040,Geophysik,,hasAppliedMethod,de,,,
041,Georadar,,hasAppliedMethod,de,,,
042,image creation,,hasAppliedMethod,en,,,
042,scanning,,hasAppliedMethod,en,,,
042,photography,,hasAppliedMethod,en,,,
043,Karten,,hasAppliedMethod,de,,,Karte
044,laser scanning,,hasAppliedMethod,en,,,
045,Oberflächensurvey,,hasAppliedMethod,de,,,
046,OCR,,hasAppliedMethod,en,abbreviation,,
046,XML/TEI structural and semantic annotation,,hasAppliedMethod,en,,,
047,part-of-speech tagging,,hasAppliedMethod,en,,,
048,photography in public,,hasAppliedMethod,en,,,
049,pottery documentation,,hasAppliedMethod,en,,,
049,inked drawings,,hasAppliedMethod,en,,,inked drawing
050,remote sensing,,hasAppliedMethod,en,,,
051,Satellitenbild,,hasAppliedMethod,de,,,
052,sediment analysis,,hasAppliedMethod,en,,,
053,SKOS data modelling,,hasAppliedMethod,en,,,
054,structure from motion,,hasAppliedMethod,en,,,
055,SfM,,hasAppliedMethod,en,abbreviation,structure from motion,
056,surface survey,,hasAppliedMethod,en,,,
057,terrestrischer Laserscan,,hasAppliedMethod,de,,,
058,TLS,,hasAppliedMethod,und,abbreviation,terrestrisches Laserscanning,
059,textual annotation,,hasAppliedMethod,en,,,
060,topographical survey,,hasAppliedMethod,en,,,
061,Vermessung,,hasAppliedMethod,de,,,
062,virtuelle Rekonstruktion,,hasAppliedMethod,de,,,
063,XML/TEI (P5) encoding,,hasAppliedMethod,en,,,
064,X-ray,,hasAppliedMethod,en,,,
065,image,,hasCategory,en,,,
065,Bild,,hasCategory,de,,,
066,XML/TEI,,hasCategory,en,abbreviation,,
067,GeoJSON dataset,,hasCategory,en,,,
067,GeoJSON-Datenset,,hasCategory,de,,,
068,3D data,,hasCategory,en,,,
068,3D-Daten,,hasCategory,de,,,
069,dataset,,hasCategory,en,,,
069,Datenset,,hasCategory,de,,,
070,text,,hasCategory,en,,,
070,Text,,hasCategory,de,,,
071,model,,hasCategory,en,,,
071,Modell,,hasCategory,de,,,
072,collection,,hasCategory,en,,,
072,Datensammlung,,hasCategory,de,,,
073,tabular dataset,,hasCategory,en,,,
073,tabellarisches Datenset,,hasCategory,de,,,
074,speech,,hasCategory,en,,,
074,Rede,,hasCategory,de,,,
075,other,,hasCategory,en,,,
075,Andere,,hasCategory,de,,,
076,corpus,,hasCategory,en,,,
076,Korpus,,hasCategory,de,,,
077,audio visual,,hasCategory,en,,,
077,audiovisuelles Medium,,hasCategory,de,,,
078,lexical resource,,hasCategory,en,,,
078,lexikalische Ressource,,hasCategory,de,,,
079,controlled vocabulary,,hasCategory,en,,,
079,kontrolliertes Vokabular,,hasCategory,de,,,
080,pottery fragments,,hasSubject,en,,,pottery fragment
081,Geschichte,,hasSubject,de,,,
082,Grundbuch,,hasSubject,de,,,
083,historic administrative units,,hasSubject,en,,,historic administrative unit
084,GIS,,hasSubject,und,abbreviation,"Geoinformationssysteme, Geographische Informationssysteme, geographic information system",
085,Brief,,hasSubject,de,,,
086,D.K.BRF,,hasSubject,und,DAACDA,,
087,Durchschlag,,hasSubject,de,,,
088,Typoskript,,hasSubject,de,,,
089,aerial warfare,,hasSubject,en,,,
090,Second world war,,hasSubject,en,,"Second World War, World War II",
091,Zwischenkriegszeit,,hasSubject,de,,,
092,multilingualism,,hasSubject,en,,,
093,English as a lingua franca,,hasSubject,en,,,
094,interaction,,hasSubject,en,,,
095,interculturality,,hasSubject,en,,,
096,Druck,,hasSubject,de,,,
097,Landgericht,,hasSubject,de,,,
098,district captaincy,,hasSubject,en,,,
099,pottery,,hasSubject,en,,,
100,Zeitungsartikel,,hasSubject,de,,,
101,D.P.ZTA,,hasSubject,und,DAACDA,,
102,Bezirksamt,,hasSubject,de,,,
103,part-of-speech tagging,,hasSubject,en,,,
104,lemmatisation,,hasSubject,en,,lemmatization,
105,Mappe,,hasSubject,de,,,
106,D.J.MAP,,hasSubject,und,DAACDA,,
107,Originalmappe,,hasSubject,de,,,
108,Manuskript,,hasSubject,de,,,
109,Kopie,,hasSubject,de,,,
110,Durchschlag mit handschriftlichen Überarbeitungen,,hasSubject,de,,,
111,Aktenvermerk,,hasSubject,de,,,
112,D.J.AKV,,hasSubject,und,DAACDA,,
113,Durchschlag mit handschriftlichen Annotationen,,hasSubject,de,,,
114,Typoskript mit handschriftlichen Annotationen,,hasSubject,de,,,
115,Beschluss,,hasSubject,de,,,
116,D.J.BSS,,hasSubject,und,DAACDA,,
117,county,,hasSubject,en,,,
118,Antrag,,hasSubject,de,,,
119,D.J.ANT,,hasSubject,und,DAACDA,,
120,word tokenisation,,hasSubject,en,,word tokenization,
121,Typoskript mit handschriftlichen Überarbeitungen,,hasSubject,de,,,
122,Karl Kraus,,hasSubject,und,proper name,,
123,S.F.KRA,,hasSubject,und,DAACDA,,
124,C.S.PRI,,hasSubject,und,DAACDA,,
125,Privatanklagedelikt,,hasSubject,de,,,
126,R.F.STR,,hasSubject,und,DAACDA,,
127,Strafrecht,,hasSubject,de,,,
128,Buchgeschichte,,hasSubject,de,,,
129,Geschichte des Lesens,,hasSubject,de,,,
130,privater Buchbesitz,,hasSubject,de,,,
131,D.J.URT,,hasSubject,und,DAACDA,,
132,Pensionierung,,hasSubject,de,,,
133,Urteil,,hasSubject,de,,,
134,Benachrichtigung,,hasSubject,de,,,
135,D.J.BEN,,hasSubject,und,DAACDA,,
136,leisure conversation,,hasSubject,en,,,
137,D.J.PKL,,hasSubject,und,DAACDA,,
138,Protokoll,,hasSubject,de,,,
139,D.J.PKG,,hasSubject,und,DAACDA,,
140,Privatanklage,,hasSubject,de,,,
141,D.J.LAD,,hasSubject,und,DAACDA,,
142,Ladung,,hasSubject,de,,,
143,D.J.STZ,,hasSubject,und,DAACDA,,
144,Schriftsatz,,hasSubject,de,,,
145,Presserechtsverstoß,,hasSubject,de,,,
146,T.F.PRE,,hasSubject,und,DAACDA,,
147,kingdom,,hasSubject,en,,,
148,D.K.RKS,,hasSubject,und,DAACDA,,
149,Rückschein,,hasSubject,de,,,
150,province,,hasSubject,en,,,
151,county,administrative unit,hasSubject,en,,,
152,C.S.PRE,,hasSubject,und,DAACDA,,
153,Pressedelikt,,hasSubject,de,,,
154,Presserecht,,hasSubject,de,,,
155,R.F.PRE,,hasSubject,und,DAACDA,,
156,amtsfreie Stadt,,hasSubject,de,,,
157,Typoskript mit handschriftlichen Überarbeitungen,,hasSubject,de,,,
158,professional organizational working group discussion,,hasSubject,en,,,
159,Verwaltung,,hasSubject,de,,,
160,Kreis,,hasSubject,de,,,
161,governmental district,,hasSubject,en,,,
162,professional organizational meeting,,hasSubject,en,,,
163,Mitbestimmung,,hasSubject,de,,,
164,educational workshop discussion,,hasSubject,en,,,
165,R.F.SON,,hasSubject,und,DAACDA,,
166,sonstiger Rechtsbereich,,hasSubject,de,,,
167,D.J.ENW,,hasSubject,und,DAACDA,,
168,Entwurf,jur.,hasSubject,de,,,
169,Außergerichtliche Erledigung,,hasSubject,de,,,
170,E.F.AGE,,hasSubject,und,DAACDA,,
171,Umschlag,,hasSubject,de,,,
172,Demokratisierung,,hasSubject,de,,,
173,D.J.UMS,,hasSubject,und,DAACDA,,
174,D.K.PKT,,hasSubject,und,DAACDA,,
175,Originalumschlag,,hasSubject,de,,,
176,Postkarte,,hasSubject,de,,,
177,D.J.VRS,,hasSubject,und,DAACDA,,
178,Verständigung,,hasSubject,de,,,
179,statutory city,,hasSubject,en,,,
180,D.K.EBS,,hasSubject,und,DAACDA,,
181,Erhaltsbestätigung,,hasSubject,de,,,
182,D.J.KFS,,hasSubject,und,DAACDA,,
183,imperial circle,,hasSubject,en,,Imperial Circle,
184,Kostenfestsetzung,,hasSubject,de,,,
185,professional business meeting,,hasSubject,en,,,
186,professional organizational workshop discussion,,hasSubject,en,,,
187,Berichtigung,Ausgang,hasSubject,de,,,
188,E.F.AEB,,hasSubject,und,DAACDA,,
189,tschechoslowakischer Staatsdienst,,hasSubject,de,,,
190,Berufungsausführung,,hasSubject,de,,,
191,D.J.BAF,,hasSubject,und,DAACDA,,
192,D.J.MIT,,hasSubject,und,DAACDA,,
193,Mitteilung,,hasSubject,de,,,
194,Ehrenbeleidigung,,hasSubject,de,,,
195,professional research conversation,,hasSubject,en,,professional science conversation,
196,T.F.EHR,,hasSubject,und,DAACDA,,
197,suburb,,hasSubject,en,,,
198,duchy,,hasSubject,en,,,
199,Beschwerde,,hasSubject,de,,,
200,conversation,,hasSubject,en,,,
201,D.J.BSW,,hasSubject,und,DAACDA,,
202,D.J.VRN,,hasSubject,und,DAACDA,,
203,interview,,hasSubject,en,,,
204,meeting,,hasSubject,en,,,
205,panel,,hasSubject,en,,,
206,press conference,,hasSubject,en,,,
207,question-answer session,,hasSubject,en,,,
208,Repression,,hasSubject,de,,,
209,seminar discussion,,hasSubject,en,,,
210,service encounter,,hasSubject,en,,,
211,Vernehmung,,hasSubject,de,,,
212,working group discussion,,hasSubject,en,,,
213,workshop discussion,,hasSubject,en,,,
214,zwischenstaatliche Verhandlung,,hasSubject,de,,,
215,D.K.TGR,,hasSubject,und,DAACDA,,
216,Telegramm,,hasSubject,de,,,
217,Ausgang unklar,,hasSubject,de,,,
218,educational seminar discussion,,hasSubject,en,,,
219,E.F.AUS,,hasSubject,und,DAACDA,,
220,professional business service encounter,,hasSubject,en,,,
221,professional research interview,,hasSubject,en,,professional science interview,
222,professional research panel,,hasSubject,en,,professional science panel,
223,professional research question-answer session,,hasSubject,en,,professional science question-answer session,
224,D.J.UBR,,hasSubject,und,DAACDA,,
225,Gericht,,hasSubject,de,,,
226,Übersetzung,,hasSubject,de,,,
227,D.J.BRG,,hasSubject,und,DAACDA,,
228,D.J.KLG,,hasSubject,und,DAACDA,,
229,E.F.VER,,hasSubject,und,DAACDA,,
230,Klage,,hasSubject,de,,,
231,Verurteilung,,hasSubject,de,,,
232,Auftrag,,hasSubject,de,,,
233,D.J.AUF,,hasSubject,und,DAACDA,,
234,D.J.ERK,,hasSubject,und,DAACDA,,
235,D.J.NOT,,hasSubject,und,DAACDA,,
236,D.J.SFE,,hasSubject,und,DAACDA,,
237,Erklärung,jur.,hasSubject,de,,,
238,Lohnforderung,,hasSubject,de,,,
239,Notiz,,hasSubject,de,,,
240,Personalvertretung,,hasSubject,de,,,
241,Ruhestand,,hasSubject,de,,,
242,Vorrückung,,hasSubject,de,,,
243,educational interview,,hasSubject,en,,,
244,educational service encounter,,hasSubject,en,,,
245,educational working group discussion,,hasSubject,en,,,
246,leisure interview,,hasSubject,en,,,
247,professional organizational press conference,,hasSubject,en,,,
248,Staatsbedienstetenorganisationen,,hasSubject,de,,,Staatsbedienstetenorganisation
249,Berichtigung,jur.,hasSubject,de,,,
250,empire,,hasSubject,en,,,
251,zwischenstaatliche Vereinbarung,,hasSubject,de,,,
252,Landeskommissariat,,hasSubject,de,,Landkommissariat,
253,Bitte,,hasSubject,de,,,
254,D.J.BIT,,hasSubject,und,DAACDA,,
255,Strafanzeige,,hasSubject,de,,,
256,Archivrecherchen,,hasSubject,de,,,Archivrecherche
257,Beweisantrag,,hasSubject,de,,,
258,byzantinische Burg,,hasSubject,de,,,
259,canabae,,hasSubject,la,,,canaba
260,Die Stunde,,hasSubject,de,,,
260,Imre Békessy,,hasSubject,und,,,
261,D.J.BWN,,hasSubject,und,DAACDA,,
262,Forschungsgeschichte,,hasSubject,de,,,
263,Hügelgräber,,hasSubject,de,,,Hügelgrab
264,Keramik,,hasSubject,de,,,
265,K.K.STU,,hasSubject,und,DAACDA,,
266,Lagervorstadt,,hasSubject,de,,,
267,Legionslager,,hasSubject,de,,,
268,Munizipium,,hasSubject,de,,,
269,Nekropole,,hasSubject,de,,,
270,Siedlungstopographie,,hasSubject,de,,Siedlungstopografie,
271,Streik,,hasSubject,de,,,
272,Surveyartefakte,,hasSubject,de,,,Surveyartefakt
273,Wasserversorgung,,hasSubject,de,,,
274,Beamtenorganisation,,hasSubject,de,,,
275,Druck mit handschriftlichen Annotationen,,hasSubject,de,,,
276,educational conversation,,hasSubject,en,,,
277,professional business panel,,hasSubject,en,,,
278,professional business question-answer session,,hasSubject,en,,,
279,deutschösterreichische Regierung,,hasSubject,de,,deutsch-österreichische Regierung,
280,K.P.SOZ,,hasSubject,und,DAACDA,,
281,Sozialdemokratie,,hasSubject,de,,,
282,Berufungsanmeldung,,hasSubject,de,,,
283,Die Fackel,,hasSubject,de,,,
284,D.J.BAN,,hasSubject,und,DAACDA,,
285,K.K.FAC,,hasSubject,und,DAACDA,,
286,R.F.ZIV,,hasSubject,und,DAACDA,,
287,T.F.URV,,hasSubject,und,DAACDA,,
288,Urheberrechtsverletzung,,hasSubject,de,,,
289,Zivilrecht,,hasSubject,de,,,
290,Anklageschrift,,hasSubject,de,,,
291,D.J.AKS,,hasSubject,und,DAACDA,,
292,Gewerkschaft,,hasSubject,de,,,
293,Beförderung,,hasSubject,de,,,
294,D.J.ERG,,hasSubject,und,DAACDA,,
295,Ergänzung,,hasSubject,de,,,
296,Koalitionsfreiheit,,hasSubject,de,,,
297,Bescheid,,hasSubject,de,,,
298,Bestätigung,,hasSubject,de,,,
299,Bevollmächtiger,,hasSubject,de,,,
300,D.J.BSD,,hasSubject,und,DAACDA,,
301,D.J.BST,,hasSubject,und,DAACDA,,
302,professional organizational conversation,,hasSubject,en,,,
303,Äußerung,,hasSubject,de,,,
304,D.J.AUG,,hasSubject,und,DAACDA,,
305,D.J.ERL,,hasSubject,und,DAACDA,,
306,D.J.KOB,,hasSubject,und,DAACDA,,
307,D.P.ZTG,,hasSubject,und,DAACDA,,
308,E.F.FRE,,hasSubject,und,DAACDA,,
309,E.F.VGL,,hasSubject,und,DAACDA,,
310,Erlagschein,,hasSubject,de,,,
311,Freispruch,,hasSubject,de,,,
312,High-Bailiwick,,hasSubject,en,,,
313,Kostenaufstellung,,hasSubject,de,,,
314,principality,,hasSubject,en,,,
315,seat,,hasSubject,en,,,
316,Vergleich,Ausgang,hasSubject,de,,,
317,Beleg,jur.,hasSubject,de,,,
318,D.J.BEL,,hasSubject,und,DAACDA,,
319,D.J.RNG,,hasSubject,und,DAACDA,,
320,Ernennung,,hasSubject,de,,,
321,Griechenland,,hasSubject,de,,,
322,historical travel guides,,hasSubject,en,,,historical travel guide
323,Karl Baedeker,,hasSubject,und,proper name,,
324,K.K.MED,,hasSubject,und,DAACDA,,
325,Lesbos,,hasSubject,de,,,
326,Medienhistorisches,,hasSubject,de,,,
327,Rechnung,,hasSubject,de,,,
328,Berufung,,hasSubject,de,,,
329,C.Z.STR,,hasSubject,und,DAACDA,,
330,Deckblatt,,hasSubject,de,,,
331,D.J.BRF,,hasSubject,und,DAACDA,,
332,D.J.DKB,,hasSubject,und,DAACDA,,
333,D.J.VOL,,hasSubject,und,DAACDA,,
334,D.J.VRZ,,hasSubject,und,DAACDA,,
335,educational,,hasSubject,en,,,
336,grand duchy,,hasSubject,en,,,
337,K.K.THE,,hasSubject,und,DAACDA,,
338,leisure,,hasSubject,en,,,
339,professional business,,hasSubject,en,,,
340,professional organizational,,hasSubject,en,,,
341,professional research and science,,hasSubject,en,,,
342,sonstiger Materialitätstyp,,hasSubject,de,,,
343,streitige Zivilrechtssache,,hasSubject,de,,,
344,Theater,,hasSubject,de,,,
345,Verzeichnis,,hasSubject,de,,,
346,Vollmacht,,hasSubject,de,,,
347,Ausbildung,,hasSubject,de,,,
348,Bundesländer,,hasSubject,de,,,Bundesland
349,D.J.ZAS,,hasSubject,und,DAACDA,,
350,Föderalismus,,hasSubject,de,,,
351,Fotografien,,hasSubject,de,,,Fotografie
352,Intertextualität,,hasSubject,de,,,
353,Kündigung,,hasSubject,de,,,
354,Literaturwissenschaft,,hasSubject,de,,,
355,Medienwissenschaft,,hasSubject,de,,,
356,Personalkommission,,hasSubject,de,,,
357,Rechtsgeschichte,,hasSubject,de,,,
358,Zeugenaussage,,hasSubject,de,,,
359,Abhandlung,,hasSubject,de,,,
360,Bericht,,hasSubject,de,,,
361,Betriebsrat,,hasSubject,de,,,
362,Burgfrieden,,hasSubject,de,,Burgfriede,
363,D.J.ABH,,hasSubject,und,DAACDA,,
364,D.J.BER,,hasSubject,und,DAACDA,,
365,D.J.KON,,hasSubject,und,DAACDA,,
366,D.J.KSB,,hasSubject,und,DAACDA,,
367,D.J.ZAT,,hasSubject,und,DAACDA,,
368,D.J.ZUN,,hasSubject,und,DAACDA,,
369,E.F.NIC,,hasSubject,und,DAACDA,,
370,Friedensverhandlungen,,hasSubject,de,,,Friedensverhandlung
371,Kassabestätigung,,hasSubject,de,,,
372,K.K.LIT,,hasSubject,und,DAACDA,,
373,K.K.SCH,,hasSubject,und,DAACDA,,
374,Konzept,jur.,hasSubject,de,,,
375,literarische Berichtigung,,hasSubject,de,,,
376,nicht verfolgt,,hasSubject,de,,,
377,Johann Schober,,hasSubject,und,,,
377,15. Juli 1927,,hasSubject,de,,,
378,Staatsangestelltenkammer,,hasSubject,de,,,
379,Ungleichbehandlung,,hasSubject,de,,,
380,Zahlungsauftrag,,hasSubject,de,,,
381,Zurücknahme,,hasSubject,de,,,
382,Berliner Tageblatt,,hasSubject,de,,,
382,Alfred Kerr,,hasSubject,und,,,
382,Theodor Wolff,,hasSubject,und,,,
383,D.J.LIS,,hasSubject,und,DAACDA,,
384,D.J.VER,,hasSubject,und,DAACDA,,
385,D.J.ZEB,,hasSubject,und,DAACDA,,
386,D.K.RAD,,hasSubject,und,DAACDA,,
387,Gemeindewahlrecht,,hasSubject,de,,,
388,K.K.BER,,hasSubject,und,DAACDA,,
389,Lohnverhandlung,,hasSubject,de,,,
390,Militarismus,,hasSubject,de,,,
391,Privatrecht,,hasSubject,de,,,
392,Radiogramm,,hasSubject,de,,,
393,R.F.PRI,,hasSubject,und,DAACDA,,
394,Typoskript mit handschriftlicher Mitteilung,,hasSubject,de,,,
395,Vertrag,,hasSubject,de,,,
396,Zahlungseingangsbestätigung,,hasSubject,de,,,
397,Zeitung,,hasSubject,de,,,
398,Aktennotiz,,hasSubject,de,,,
399,Ansuchen,,hasSubject,de,,,
400,Aufstellung,,hasSubject,de,,,
401,D.J.AFS,,hasSubject,und,DAACDA,,
402,D.J.AKN,,hasSubject,und,DAACDA,,
403,D.J.ANS,,hasSubject,und,DAACDA,,
404,Hofgericht,,hasSubject,de,,,
405,Kommissionsbezirk der Provinzstadt,,hasSubject,de,,,
406,military frontier,,hasSubject,en,,,
407,polyglot dictionary,,hasSubject,en,,,
408,18. Jahrhundert,,hasSubject,de,,achtzehntes Jahrhundert,
409,Abrechnung,,hasSubject,de,,,
410,Bibliographie,,hasSubject,de,,,
411,bibliography,,hasSubject,en,,,
412,Crown land,,hasSubject,en,,"crown land, crownland",
413,D.J.ABR,,hasSubject,und,DAACDA,,
414,D.J.ANW,,hasSubject,und,DAACDA,,
415,D.J.VSR,,hasSubject,und,DAACDA,,
416,D.L,,hasSubject,und,DAACDA,,
417,Korrespondenz,,hasSubject,de,,,
418,Liste,jur.,hasSubject,de,,,
419,literarischer Text,,hasSubject,de,,,
420,publizistisches Dokument,,hasSubject,de,,,
421,Rechtsnachfolge,,hasSubject,de,,,
422,Sozialgeschichte,,hasSubject,de,,,
423,Tirol,,hasSubject,de,,,
424,Versetzung,,hasSubject,de,,,
425,Versicherung,,hasSubject,de,,,
426,Vertrauensmänner,,hasSubject,de,,,Vertrauensmann
427,Anfrage,,hasSubject,de,,,
428,Anweisung,,hasSubject,de,,,
429,Aufforderung,,hasSubject,de,,,
430,Berufungsschrift,,hasSubject,de,,,
431,D.J.AFD,,hasSubject,und,DAACDA,,
432,D.J.ANF,,hasSubject,und,DAACDA,,
433,D.J.BRS,,hasSubject,und,DAACDA,,
434,D.J.EIN,,hasSubject,und,DAACDA,,
435,D.J.GTS,,hasSubject,und,DAACDA,,
436,D.J.KBS,,hasSubject,und,DAACDA,,
437,D.J.KLB,,hasSubject,und,DAACDA,,
438,D.J.RUK,,hasSubject,und,DAACDA,,
439,D.J.SAT,,hasSubject,und,DAACDA,,
440,D.K.NCH,,hasSubject,und,DAACDA,,
441,D.K.UMS,,hasSubject,und,DAACDA,,
442,E.F.ZUR,,hasSubject,und,DAACDA,,
443,Einspruch,,hasSubject,de,,,
444,Fotografie,Material,hasSubject,de,,,
445,free city,,hasSubject,en,,,
446,Gesandtenkonferenz,,hasSubject,de,,,
447,Gutschrift,,hasSubject,de,,,
448,Hofmark,,hasSubject,de,,,
449,K.K.VER,,hasSubject,und,DAACDA,,
450,Klagebeantwortung,,hasSubject,de,,,
451,Klagsrückziehung,,hasSubject,de,,,
452,Kostenbestimmungsbeschluss,,hasSubject,de,,,
453,Nachricht,,hasSubject,de,,,
454,online site database,,hasSubject,en,,,
455,politische Parteien,,hasSubject,de,,,politische Partei
456,republic,,hasSubject,en,,,
457,R.F.VER,,hasSubject,und,DAACDA,,
458,Staatsangestelltenrat,,hasSubject,de,,,
459,Strafantrag,,hasSubject,de,,,
460,Straferkenntnis,,hasSubject,de,,,
461,Verlagswesen,,hasSubject,de,,,
462,Verwaltungsrecht,,hasSubject,de,,,
463,Zurückziehung der Klage,,hasSubject,de,,,
464,archduchy,,hasSubject,en,,,
465,C.K.KOR,,hasSubject,und,DAACDA,,
466,Crown colony,,hasSubject,en,,,
467,C.Z.UNS,,hasSubject,und,DAACDA,,
468,Disziplinarrecht,,hasSubject,de,,,
469,D.J.DOS,,hasSubject,und,DAACDA,,
470,D.J.KSZ,,hasSubject,und,DAACDA,,
471,Dossier,,hasSubject,de,,,
472,D.P,,hasSubject,und,DAACDA,,
473,Druck mit handschriftlichen Überarbeitungen,,hasSubject,de,,,
474,E.F.EIN,,hasSubject,und,DAACDA,,
475,eingestellt,,hasSubject,de,,,
476,Entente,,hasSubject,de,,,
477,Kassazettel,,hasSubject,de,,,
478,Lebensumstände,,hasSubject,de,,,Lebensumstand
479,Memorandum,,hasSubject,de,,,
480,military district,,hasSubject,en,,,
481,Nachkriegskrise,,hasSubject,de,,,
482,Nationalität,,hasSubject,de,,,
483,princely county,,hasSubject,en,,Princely County,
484,professional business conversation,,hasSubject,en,,,
485,professional research working group discussion,,hasSubject,en,,professional science working group discussion,
486,provincial government,,hasSubject,en,,,
487,Systemisierung,,hasSubject,de,,,
488,tschechoslowakische Regierung,,hasSubject,de,,,
489,unstreitige Zivilrechtssache,,hasSubject,de,,,
490,Vergeltung,,hasSubject,de,,,
491,Zensur,,hasSubject,de,,,
492,Ablehnung,,hasSubject,de,,,
493,Anklage-Kundmachung,,hasSubject,de,,,
494,Anzeige,,hasSubject,de,,,
495,Arbeiterrätin,,hasSubject,de,,,
496,Aufgabeschein,,hasSubject,de,,,
497,Bekanntgabe,,hasSubject,de,,,
498,Berichtigung,,hasSubject,de,,,
499,Bundesverfassung,,hasSubject,de,,,
500,capacity,,hasSubject,en,,,
501,CIDOC CRM,,hasSubject,und,abbreviation,CIDOC Conceptual Reference Model,
502,commissary district,,hasSubject,en,,,
503,condominium,,hasSubject,en,,,
504,data integration,,hasSubject,en,,,
505,district,,hasSubject,en,,,
506,D.J.ABL,,hasSubject,und,DAACDA,,
507,D.J.AKU,,hasSubject,und,DAACDA,,
508,D.J.ANZ,,hasSubject,und,DAACDA,,
509,D.J.BEK,,hasSubject,und,DAACDA,,
510,D.J.EGE,,hasSubject,und,DAACDA,,
511,D.J.EXB,,hasSubject,und,DAACDA,,
512,D.J.GPK,,hasSubject,und,DAACDA,,
513,D.J.GUT,,hasSubject,und,DAACDA,,
514,D.J.INF,,hasSubject,und,DAACDA,,
515,D.J.MEM,,hasSubject,und,DAACDA,,
516,D.J.MST,,hasSubject,und,DAACDA,,
517,D.J.REK,,hasSubject,und,DAACDA,,
518,D.J.SRA,,hasSubject,und,DAACDA,,
519,D.J.SVA,,hasSubject,und,DAACDA,,
520,D.J.VFB,,hasSubject,und,DAACDA,,
521,D.K.AGS,,hasSubject,und,DAACDA,,
522,D.K.PAW,,hasSubject,und,DAACDA,,
523,D.S.FOT,,hasSubject,und,DAACDA,,
524,D.S.PGH,,hasSubject,und,DAACDA,,
525,Durchschlag mit handschriftlicher Mitteilung,,hasSubject,de,,,
526,E.F.GBU,,hasSubject,und,DAACDA,,
527,Eingabe,,hasSubject,de,,,
528,Exekutionsbewilligung,,hasSubject,de,,,
529,Fortbildung,,hasSubject,de,,,
530,function,,hasSubject,en,,,
531,Gedächtnisprotokoll,,hasSubject,de,,,
532,Geldbuße,,hasSubject,de,,,
533,Gutachten,,hasSubject,de,,,
534,imperial free city,,hasSubject,en,,Imperial Free City,
535,Information,,hasSubject,de,,,
536,K.P.NAT,,hasSubject,und,DAACDA,,
537,Manuskript mit handschriftlichen Annotationen,,hasSubject,de,,,
538,margraviate,,hasSubject,en,,margravate,
539,mining captaincy,,hasSubject,en,,,
540,Nationalsozialismus,,hasSubject,de,,,
541,Neolithic Greece,,hasSubject,en,,,
541,Neolithic Anatolia,,hasSubject,en,,,
542,none,,hasSubject,en,,,
543,Phonogrammarchiv,,hasSubject,de,,,
544,politische Verhältnisse,,hasSubject,de,,,
545,Postanweisung,,hasSubject,de,,,
546,Programmheft,,hasSubject,de,,,
547,quarter,,hasSubject,en,,,
548,Rekurs,,hasSubject,de,,,
549,Selbstbestimmungsrecht,,hasSubject,de,,,
550,shape,,hasSubject,en,,,
551,Staatsvertrag (St. Germain),,hasSubject,de,,"Vertrag von Saint-Germain, Staatsvertrag von Saint-Germain-en-Laye",
552,Strafregisterauszug,,hasSubject,de,,,
553,Strafverfahrensakt,,hasSubject,de,,,
554,T.F.VBR,,hasSubject,und,DAACDA,,
555,T.F.VVL,,hasSubject,und,DAACDA,,
556,Typoskript mit handschriftlicher Mitteilung,,hasSubject,de,,,
557,Typoskript mit sonstigen Schreibspuren,,hasSubject,de,,,
558,Verfügungsbogen,,hasSubject,de,,,
559,Vertragsbruch,,hasSubject,de,,,
560,Vertragsverletzung,,hasSubject,de,,,
561,Vikariat,,hasSubject,de,,,
562,Abfertigung,,hasSubject,de,,,
563,Abschrift,lit.,hasSubject,de,,,
564,Abweisung,,hasSubject,de,,,
565,Autonomie,,hasSubject,de,,,
566,Beamtenrat,,hasSubject,de,,,
567,Beweisabschluss,,hasSubject,de,,,
568,Bürgerkrieg,,hasSubject,de,,,
569,christlich-sozial,,hasSubject,de,,,
570,constituent entity,,hasSubject,en,,,
571,country,,hasSubject,en,,,
572,C.P.VER,,hasSubject,und,DAACDA,,
573,Disziplinarausschuss,,hasSubject,de,,,
574,D.J,,hasSubject,und,DAACDA,,
575,D.J.BWA,,hasSubject,und,DAACDA,,
576,D.J.ZST,,hasSubject,und,DAACDA,,
577,D.L.ABS,,hasSubject,und,DAACDA,,
578,D.L.PMP,,hasSubject,und,DAACDA,,
579,E.F.ABW,,hasSubject,und,DAACDA,,
580,E.F.FOR,,hasSubject,und,DAACDA,,
581,Erpressung,,hasSubject,de,,,
582,Forderung bezahlt,,hasSubject,de,,,
583,moderner Geist,,hasSubject,de,,,
584,Jude,,hasSubject,de,,,
585,juristisches Dokument,,hasSubject,de,,,
586,K.P.CHR,,hasSubject,und,DAACDA,,
587,linked open data,,hasSubject,en,,,
588,Neolithic Greece,,hasSubject,en,,,
588,Neolithic Anatolia,,hasSubject,en,,,
589,online site database,,hasSubject,en,,,
590,Pamphlet,,hasSubject,de,,,
591,Papal State,,hasSubject,en,,"Papal States, State of the Church",
592,Personalpolitik,,hasSubject,de,,,
593,Pfleggericht,,hasSubject,de,,,
594,politische Organisierung,,hasSubject,de,,,
595,privatrechtliche Vereinbarung,,hasSubject,de,,,
596,research event,,hasSubject,en,,,
597,Schuldrecht,,hasSubject,de,,,
598,semantic technologies,,hasSubject,en,,,
599,Stadtgericht,,hasSubject,de,,,
600,Tagebuch,,hasSubject,de,,,
601,TEI schema,,hasSubject,en,,,
602,T.F.ERP,,hasSubject,und,DAACDA,,
603,T.F.SCH,,hasSubject,und,DAACDA,,
604,Zustellung,,hasSubject,de,,,
605,Akt,,hasSubject,de,,,
606,Aktenübersicht,,hasSubject,de,,,
607,Anklage,,hasSubject,de,,,
608,Anweisung,,hasSubject,de,,,
609,artefact,,hasSubject,en,,,
610,Aufgabeabschnitt,,hasSubject,de,,,
611,Aufruf,,hasSubject,de,,,
612,Auszug,,hasSubject,de,,,
613,Berufungsbescheid,,hasSubject,de,,,
614,Bestechung,,hasSubject,de,,,
615,bibliography,,hasSubject,en,,,
616,botany,,hasSubject,en,,,
617,Briefausgabe,,hasSubject,de,,,
618,Briefumschlag,,hasSubject,de,,,
619,cave,,hasSubject,en,,,
620,cemetery,,hasSubject,en,,,
621,commissariat,,hasSubject,en,,,
622,confederation,,hasSubject,en,,,
623,data integration,,hasSubject,en,,,
624,data sharing,,hasSubject,en,,,
625,Disziplinaranzeige,,hasSubject,de,,,
626,D.J.AKT,,hasSubject,und,DAACDA,,
627,D.J.ANK,,hasSubject,und,DAACDA,,
628,D.J.ARF,,hasSubject,und,DAACDA,,
629,D.J.AUB,,hasSubject,und,DAACDA,,
630,D.J.AZG,,hasSubject,und,DAACDA,,
631,D.J.BEB,,hasSubject,und,DAACDA,,
632,D.J.DAN,,hasSubject,und,DAACDA,,
633,D.J.EEK,,hasSubject,und,DAACDA,,
634,D.J.ENT,,hasSubject,und,DAACDA,,
635,D.J.ERA,,hasSubject,und,DAACDA,,
636,D.J.ERO,,hasSubject,und,DAACDA,,
637,D.J.EXA,,hasSubject,und,DAACDA,,
638,D.J.EXN,,hasSubject,und,DAACDA,,
639,D.J.KSN,,hasSubject,und,DAACDA,,
640,D.J.LEU,,hasSubject,und,DAACDA,,
641,D.J.RMA,,hasSubject,und,DAACDA,,
642,D.J.RVA,,hasSubject,und,DAACDA,,
643,D.J.RVS,,hasSubject,und,DAACDA,,
644,D.J.STG,,hasSubject,und,DAACDA,,
645,D.J.STZ,,hasSubject,und,DAACDA,,
646,D.J.TST,,hasSubject,und,DAACDA,,
647,D.J.UBS,,hasSubject,und,DAACDA,,
648,D.J.UBW,,hasSubject,und,DAACDA,,
649,D.J.VLB,,hasSubject,und,DAACDA,,
650,D.J.VRF,,hasSubject,und,DAACDA,,
651,D.J.VRG,,hasSubject,und,DAACDA,,
652,D.J.ZRW,,hasSubject,und,DAACDA,,
653,D.J.ZVP,,hasSubject,und,DAACDA,,
654,D.K.AAS,,hasSubject,und,DAACDA,,
655,D.K.LIS,,hasSubject,und,DAACDA,,
656,D.L.GED,,hasSubject,und,DAACDA,,
657,Druck mit handschriftlichen Annotationen,,hasSubject,de,,"Druck mit handschriftlichen Notaten, Druck mit handschriftlichen Notizen",
658,D.S.LSZ,,hasSubject,und,DAACDA,,
659,D.S.PLK,,hasSubject,und,DAACDA,,
660,Durchschlag mit sonstigen Schreibspuren,,hasSubject,de,,,
661,Edition,,hasSubject,de,,,
662,E.F.AEE,,hasSubject,und,DAACDA,,
663,E.F.GEL,,hasSubject,und,DAACDA,,
664,Ehrenerklärung,,hasSubject,de,,,
665,Entschuldigung,,hasSubject,de,,,
666,Entwurf,,hasSubject,de,,,
667,Erörterung,,hasSubject,de,,,
668,Ersatzanspruch,,hasSubject,de,,,
669,Exekutionsausweis,,hasSubject,de,,,
670,Expensen-Note,,hasSubject,de,,,
671,falsche Zeugenaussage,,hasSubject,de,,,
672,fieldwork archive,,hasSubject,en,,,
673,Fotografie,,hasSubject,de,,Photographie,
674,Fotografie,Objekt,hasSubject,de,,,
675,Friedrich Austerlitz,,hasSubject,und,proper name,,
676,Fundbearbeitung,,hasSubject,de,,,
677,Gedicht,,hasSubject,de,,,
678,Geldstrafe,,hasSubject,de,,,
679,grave,,hasSubject,en,,,
680,group designations,,hasSubject,en,,,group designation
681,historical network research,,hasSubject,en,,,
682,Holy Roman Empire,,hasSubject,en,,,
683,Hüyücektepe,,hasSubject,und,proper name,,
684,internationales Postrecht,,hasSubject,de,,,
685,Kostennote,,hasSubject,de,,,
686,Lesezeichen,,hasSubject,de,,,
687,Leumundsnote,,hasSubject,de,,,
688,linked open data,,hasSubject,en,,,
689,Liste,,hasSubject,de,,,
690,Liste,korr.,hasSubject,de,,,
691,literarisches Werk,,hasSubject,de,,,
692,lithics,,hasSubject,en,,,
693,Lokalpolitik,,hasSubject,de,,,
694,Luftkrieg,,hasSubject,de,,,
695,politisches Mandat,,hasSubject,de,,,
696,Manuskript mit handschriftlicher Mitteilung,,hasSubject,de,,,
697,M.S.MAP,,hasSubject,und,abbreviation,,
697,Mappe,,hasSubject,de,,,
698,Marie Turnowsky,,hasSubject,und,proper name,,
699,Marktgericht,,hasSubject,de,,,
700,material culture,,hasSubject,en,,,
701,medieval Austria,,hasSubject,en,,mediaeval Austria,
702,medieval Germany,,hasSubject,en,,mediaeval Germany,
703,medieval prosopography,,hasSubject,en,,mediaeval prosopography,
704,Middle Ages,,hasSubject,en,,,
705,Mitschrift,,hasSubject,de,,,
706,Mitschriften,,hasSubject,de,,,Mitschrift
707,occupied territory,,hasSubject,en,,,
708,Ontologie,,hasSubject,de,,,
709,ontology,,hasSubject,en,,,
710,Order of the Golden Fleece,,hasSubject,en,,,
711,Personalrat,,hasSubject,de,,,
712,Plakat,,hasSubject,de,,,
713,pottery,,hasSubject,en,,,
714,pottery studies,,hasSubject,en,,,
715,protectorate,,hasSubject,en,,,
716,Protest,,hasSubject,de,,,
717,quarry,,hasSubject,en,,,
718,Rechtsmittelanmeldung,,hasSubject,de,,,
719,Revisionsbeantwortung,,hasSubject,de,,,
720,Revisionsschrift,,hasSubject,de,,,
721,rock shelter,,hasSubject,en,,,
722,settlement,,hasSubject,en,,,
723,S.F.FRI,,hasSubject,und,DAACDA,,
724,S.F.MAR,,hasSubject,und,DAACDA,,
725,sights,,hasSubject,en,,,
726,small finds,,hasSubject,en,,,
727,small finds,,hasSubject,en,,,
728,soziale Fürsorge,,hasSubject,de,,,
729,squeezes,,hasSubject,en,,,
730,Tagebücher,,hasSubject,de,,,
731,Testament,,hasSubject,de,,,
732,T.F.BES,,hasSubject,und,DAACDA,,
733,T.F.FZA,,hasSubject,und,DAACDA,,
734,thesaurus,,hasSubject,en,,,
735,Tonaufnahmen,,hasSubject,de,,,Tonaufnahme
736,transcription conventions,,hasSubject,en,,,
737,Typoskript mit handschriftlichen Änderungen,,hasSubject,de,,,
738,Überweisung,,hasSubject,de,,,
739,Überweisungsbeschluss,,hasSubject,de,,,
740,Vereinsfreiheit,,hasSubject,de,,,
740,Versammlungsfreiheit,,hasSubject,de,,,
741,Verfügung,,hasSubject,de,,,
742,Verlassenschaftsabhandlung,,hasSubject,de,,,
743,Verlautbarung,,hasSubject,de,,,
744,Verrechnung,,hasSubject,de,,,
745,Versammlung,,hasSubject,de,,,
746,Yeldeğirmentepe,,hasSubject,und,proper name,,
747,Zahlungsverpflichtung,,hasSubject,de,,,
748,Zeitung,,hasSubject,de,,,
749,Zurückweisung,jur.,hasSubject,de,,,
750,Zweiter Weltkrieg,,hasSubject,de,,,
751,25er Ausschuss,,hasSubject,de,,"fünfundzwanziger Ausschuss, 25er-Ausschuss, fünfundzwanziger-Ausschuss",
752,3D models,,hasSubject,en,,,3D model
753,Alfred Kerr,,hasSubject,und,proper name,,
754,Änderung,,hasSubject,de,,,
755,Arabic linguistics,,hasSubject,en,,,
756,archaeological database,,hasSubject,en,,,
757,archaeological sites,,hasSubject,en,,,archaeological site
758,Auflösung des Vertrags,,hasSubject,de,,,
759,Ausbleiben der Rückzahlung,,hasSubject,de,,,
760,Ausschuss,,hasSubject,de,,,
761,Austrian magazines,,hasSubject,en,,,Austrian magazine
762,Austrian media landscape,,hasSubject,en,,,
763,Austrian newspapers,,hasSubject,en,,,Austrian newspaper
764,Austrian Press Agency,,hasSubject,en,,,
765,Austrian press releases,,hasSubject,en,,,Austrian press release
766,Bauaufnahme,,hasSubject,de,,,
767,Beförderungsdienstfrist,,hasSubject,de,,,
768,Beleidigung,,hasSubject,de,,,
769,Beschlagnahme aufgehoben,,hasSubject,de,,,
770,Bildungsreform,,hasSubject,de,,,
771,Bronze Age sites,,hasSubject,en,,,Bronze Age site
772,Bundespolizeidirektion,,hasSubject,de,,,
773,Chalcolithic sites,,hasSubject,en,,,Chalcolithic site
774,city district,,hasSubject,en,,,
775,Concert of Europe,,hasSubject,en,,,
776,congress files,,hasSubject,en,,,congress file
777,Congress of Aix-la-Chapelle,,hasSubject,en,,,
778,Congress of Laibach,,hasSubject,en,,,
779,Congress of Troppau,,hasSubject,en,,,
780,Congress of Verona,,hasSubject,en,,,
781,Congress of Vienna,,hasSubject,en,,,
782,congress system,,hasSubject,en,,,
783,controlled vocabulary,,hasSubject,en,,,
784,co-principality,,hasSubject,en,,coprincipality,
785,C.V.VER,,hasSubject,und,DAACDA,,
786,Darlehen zurückbezahlt,,hasSubject,de,,,
787,data,,hasSubject,en,,,
788,data model,,hasSubject,en,,,
789,digitale Edition,,hasSubject,de,,,
790,digitisation,,hasSubject,en,,,
791,digitisation,,hasSubject,en,,,
792,Diplomatiegeschichte,,hasSubject,de,,,
793,Drohung,,hasSubject,de,,,
794,E.F.AEI,,hasSubject,und,DAACDA,,
795,E.F.AUF,,hasSubject,und,DAACDA,,
796,E.F.BES,,hasSubject,und,DAACDA,,
797,E.F.DAR,,hasSubject,und,DAACDA,,
798,E.F.ERK,,hasSubject,und,DAACDA,,
799,E.F.HON,,hasSubject,und,DAACDA,,
800,E.F.RUE,,hasSubject,und,DAACDA,,
801,E.F.SCH,,hasSubject,und,DAACDA,,
802,E.F.SUE,,hasSubject,und,DAACDA,,
803,E.F.VAU,,hasSubject,und,DAACDA,,
804,E.F.VSE,,hasSubject,und,DAACDA,,
805,E.F.ZRW,,hasSubject,und,DAACDA,,
806,Ehrenkränkung,,hasSubject,de,,,
807,Einigung,,hasSubject,de,,,
808,electorate,,hasSubject,en,,,
809,Erklärung,Ausgang,hasSubject,de,,,
810,European Concert of Powers,,hasSubject,en,,European concert of powers,
811,Fachprüfung,,hasSubject,de,,,
812,französische Regierung,,hasSubject,de,,,
813,Fundfotos,,hasSubject,de,,,
814,Fundzeichnungen,,hasSubject,de,,,Fundzeichnung
815,gefährliche Drohung,,hasSubject,de,,,
816,Genfer Protokolle,,hasSubject,de,,,
817,Gesteinsproben,,hasSubject,de,,,Gesteinsprobe
818,Glacis,,hasSubject,de,,,
819,GPR,,hasSubject,en,abbreviation,"ground-penetrating radar, ground penetrating radar",
820,Grabungstagebuch,,hasSubject,de,,,
821,Graf Leo Thun-Hohenstein,,hasSubject,und,proper name,,
822,Graf Leo Thun-Hohenstein,,hasSubject,und,proper name,,
823,grand principality,,hasSubject,en,,,
824,Great Powers,,hasSubject,en,,great powers,Great Power
825,Gremium,,hasSubject,de,,,
826,Großdeutsche Volkspartei,,hasSubject,de,,,
827,Hans Liebstöckl,,hasSubject,und,proper name,,
828,high commissariat,,hasSubject,en,,,
829,history of diplomacy,,hasSubject,en,,,
830,Honorar,,hasSubject,de,,,
831,Imre Békessy,,hasSubject,und,proper name,,
832,Indiskretion,,hasSubject,de,,,
833,inscription,,hasSubject,en,,,
834,inscriptions,,hasSubject,en,,,inscription
835,journalistic prose,,hasSubject,en,,,
836,Karten,,hasSubject,de,,,Karte
837,Klage wegen Forderung,,hasSubject,de,,,
838,Koalitionsrecht,,hasSubject,de,,,
839,Kongressakten,,hasSubject,de,,,Kongressakt
840,Kongress von Aachen,,hasSubject,de,,,
841,Kongress von Laibach,,hasSubject,de,,,
842,Kongress von Troppau,,hasSubject,de,,,
843,Kongress von Verona,,hasSubject,de,,,
844,Konterrevolution,,hasSubject,de,,,
845,Kronos-Verlag,,hasSubject,de,,Kronos Verlag,
846,landgraviate,,hasSubject,en,,,
847,language choice,,hasSubject,en,,,
848,language contact,,hasSubject,en,,,
849,language mapping,,hasSubject,en,,,
850,language variation,,hasSubject,en,,,
851,Laufbahn,,hasSubject,de,,,
852,Laufbahn,Folgen,hasSubject,de,,,
853,lexical resources,,hasSubject,en,,,lexical resource
854,linguistic landscape,,hasSubject,en,,,
855,Lothar Rübelt,,hasSubject,und,proper name,,
856,Mächtekongress,,hasSubject,de,,,
857,Mächtekonzert,,hasSubject,de,,,
858,Magnetik,,hasSubject,de,,,
859,manual,,hasSubject,en,,,
860,Markenrechtsverletzung,,hasSubject,de,,,
860,Namensrechtsverletzung,,hasSubject,de,,,
861,mark-up,,hasSubject,en,,markup,
862,mark-up conventions,,hasSubject,en,,markup conventions,mark-up convention
863,military frontier,,hasSubject,en,,,
864,military government,,hasSubject,en,,,
865,Monarchenkongresse,,hasSubject,de,,,
866,Mörtelproben,,hasSubject,de,,,Mörtelprobe
867,Nachrede,,hasSubject,de,,,
868,Neolithic pottery,,hasSubject,en,,,
869,Neolithic sites,,hasSubject,en,,,Neolithic site
870,open data,,hasSubject,en,,,
871,Opferbereitschaft,,hasSubject,de,,,
872,Oskar Samek,,hasSubject,und,proper name,,
873,Österreich 1849-1860,,hasSubject,de,,,
874,Paul Amadeus Pisk,,hasSubject,und,proper name,,
875,Pauperisierung,,hasSubject,de,,,
876,PeriodO,,hasSubject,und,proper name,,
877,Persönlichkeitsrechtsverletzung,,hasSubject,de,,,
878,Plagiat,,hasSubject,de,,,
879,politische Maßregelung,,hasSubject,de,,,
880,postcolonial,,hasSubject,en,,post-colonial,
881,Profilzeichnungen,,hasSubject,de,,,Profilzeichnung
882,Qualifikationsbeschwerde,,hasSubject,de,,,
883,Richard Lányi,,hasSubject,und,proper name,,
884,Richard Smetana,,hasSubject,und,proper name,,
885,Rückzahlung,,hasSubject,de,,,
886,Rufschädigung,,hasSubject,de,,,
887,Schadensersatz,,hasSubject,de,,,
888,Scheitern der Exekution,,hasSubject,de,,,
889,schema,,hasSubject,en,,,
890,Schloss,,hasSubject,de,,,
891,Schweiz,,hasSubject,de,,,
892,search manual,,hasSubject,en,,,
893,Selbstverwaltung,,hasSubject,de,,,
894,S.F.BEK,,hasSubject,und,DAACDA,,
895,S.F.BPD,,hasSubject,und,DAACDA,,
896,S.F.KER,,hasSubject,und,DAACDA,,
897,S.F.KRO,,hasSubject,und,DAACDA,,
898,S.F.LIE,,hasSubject,und,DAACDA,,
899,S.F.PAD,,hasSubject,und,DAACDA,,
900,S.F.PIS,,hasSubject,und,DAACDA,,
901,S.F.RIC,,hasSubject,und,DAACDA,,
902,S.F.RUE,,hasSubject,und,DAACDA,,
903,S.F.SAM,,hasSubject,und,DAACDA,,
904,S.F.SME,,hasSubject,und,DAACDA,,
905,site,,hasSubject,en,,,
905,monument,,hasSubject,en,,,
906,spelling,,hasSubject,en,,,
907,spelling conventions,,hasSubject,en,,,spelling convention
908,Staatsbediensteten-Kommission,,hasSubject,de,,,
909,Stefan Padajaunig,,hasSubject,und,proper name,,
910,Sühne,,hasSubject,de,,,
911,tag set,,hasSubject,en,,,
912,TEI,,hasSubject,en,abbreviation,Text Encoding Initiative,
913,TEI schema,,hasSubject,en,,,
914,T.F.AUS,,hasSubject,und,DAACDA,,
915,T.F.BEL,,hasSubject,und,DAACDA,,
916,T.F.DRO,,hasSubject,und,DAACDA,,
917,T.F.EHK,,hasSubject,und,DAACDA,,
918,T.F.EUV,,hasSubject,und,DAACDA,,
919,T.F.GDR,,hasSubject,und,DAACDA,,
920,T.F.IND,,hasSubject,und,DAACDA,,
921,T.F.KWF,,hasSubject,und,DAACDA,,
922,T.F.MNR,,hasSubject,und,DAACDA,,
923,T.F.NAC,,hasSubject,und,DAACDA,,
924,T.F.PER,,hasSubject,und,DAACDA,,
925,T.F.REB,,hasSubject,und,DAACDA,,
926,T.F.RUF,,hasSubject,und,DAACDA,,
927,T.F.UNA,,hasSubject,und,DAACDA,,
928,T.F.UNB,,hasSubject,und,DAACDA,,
929,T.F.UPL,,hasSubject,und,DAACDA,,
930,T.F.VER,,hasSubject,und,DAACDA,,
931,thesaurus,,hasSubject,en,,,
932,TLS,,hasSubject,und,abbreviation,"terrestrisches Laserscanning, terrestrial laser scanning",
933,transcription,,hasSubject,en,,,
934,Transkribus,,hasSubject,und,proper name,,
935,tschechoslowakisches Militär,,hasSubject,de,,,
936,Umsiedlung,,hasSubject,de,,,
937,unautorisierte Aufführung,,hasSubject,de,,,
938,unbefugte Kolportage,,hasSubject,de,,,
939,unknown administrative unit,,hasSubject,en,,,
940,Urheberrechtsverletzung (Bel.),Bel.,hasSubject,de,,,
941,Verhaftung,,hasSubject,de,,,
942,Verletzung des Rechts am eigenen Bild,,hasSubject,de,,,
943,Verleumdung,,hasSubject,de,,,
944,Vermessung,,hasSubject,de,,,
945,Versetzung außerhalb Wiens,,hasSubject,de,,,
946,Versteigerung,,hasSubject,de,,,
947,Verwaltungsrechtssache,,hasSubject,de,,,
948,Viennese dialectological school,,hasSubject,en,,,
949,voivodeship,,hasSubject,en,,,
950,Wiener Kongress,,hasSubject,de,,,
951,written language in public space,,hasSubject,en,,,
952,XML,,hasSubject,en,abbreviation,Extensible Markup Language,
953,Zurückweisung,,hasSubject,de,,,